epsd,date,n1,n2,n3,n4,n5,n6,bonus,rank1_winners,rank1_amount,sales,r2_n,r3_n,r4_n,r5_n
1,20021207,10,23,29,33,37,40,16,0,0,3681782000,1,28,2537,40155
2,20021214,9,13,21,25,32,42,2,1,2002006800,4904274000,2,103,3763,55480
3,20021221,11,16,19,21,27,31,30,1,2000000000,4729342000,0,139,5940,73256
4,20021228,14,27,30,31,40,42,2,0,0,5271464000,1,29,2777,52382
5,20030104,16,24,29,40,41,42,3,0,0,6277102000,0,42,3043,60434
6,20030111,14,15,26,27,40,42,34,1,6574451700,15305356000,3,138,13445,176375
7,20030118,2,9,16,25,26,40,42,0,0,12794890000,9,270,13229,206259
8,20030125,8,19,25,34,37,39,9,0,0,20751450000,6,348,14279,248242
9,20030201,2,4,16,17,36,39,14,0,0,73624020000,4,352,23672,603375
10,20030208,9,25,30,33,41,44,6,13,6430437900,260856392000,236,11247,703234,3410846
11,20030215,1,7,36,37,41,42,14,5,4780152300,91925306000,11,428,38515,612805
12,20030222,2,11,21,25,39,45,44,12,1348845700,76255508000,27,1903,76845,1115084
13,20030301,22,23,25,37,38,42,26,0,0,66532136000,6,450,29601,726751
14,20030308,2,6,12,31,33,40,15,4,9375048300,99838648000,28,1421,77736,1341756
15,20030315,3,4,16,30,31,37,13,1,17014245000,73264910000,16,509,39202,827538
16,20030322,6,7,24,37,38,40,33,4,4377146100,75777348000,12,862,47255,870770
17,20030329,3,4,9,17,32,37,1,3,5349491200,72718152000,9,1142,61651,961162
18,20030405,3,12,13,19,32,35,29,0,0,66371660000,15,664,38453,693323
19,20030412,6,30,38,39,40,43,26,1,40722959400,105957818000,14,697,55154,1135991
20,20030419,10,14,18,20,23,30,41,1,19352212800,81056776000,14,888,48158,827470
21,20030426,6,12,17,18,31,32,21,23,797475400,84247142000,26,2008,82996,1155368
22,20030503,4,5,6,8,17,39,25,4,4552194900,79455152000,32,827,53248,937961
23,20030510,5,13,17,18,33,42,44,4,4317947700,77374256000,23,1372,63717,990081
24,20030517,7,8,27,29,36,43,6,0,0,78486634000,18,925,52777,755905
25,20030524,2,4,21,26,43,44,16,2,24227745300,120073768000,28,1111,58903,1096200
26,20030531,4,5,7,18,20,25,31,5,3495069900,80193026000,39,1340,72252,1097093
27,20030607,1,20,26,28,37,43,27,2,9543982500,76145050000,16,579,33509,625925
28,20030614,9,18,23,25,35,37,1,10,1700361100,75448366000,22,1164,57870,938483
29,20030621,1,5,13,34,39,40,11,5,3552594000,74523120000,17,752,42347,765661
30,20030628,8,17,20,35,36,44,4,2,8728555500,72399690000,22,872,42319,710466
31,20030705,7,9,18,23,28,35,32,2,8106672900,71317306000,29,1130,58406,863641
32,20030712,6,14,19,25,34,44,11,10,1634528300,71179198000,49,1203,52704,834746
33,20030719,4,7,32,33,40,41,9,1,14903517600,67457252000,41,1063,52142,888943
34,20030726,9,26,35,37,40,42,2,5,3056918000,69389894000,45,1264,68519,922063
35,20030802,2,3,11,26,37,43,39,3,5054598200,66143062000,24,933,46866,779854
36,20030809,1,10,23,26,28,40,31,1,16014475800,66856686000,19,768,38321,673755
37,20030816,7,27,30,33,35,37,42,3,4985999400,65509794000,20,857,46334,782490
38,20030823,16,17,22,30,37,43,36,3,5374866400,67369284000,18,679,36377,681031
39,20030830,6,7,13,15,21,43,8,6,2623748800,66094476000,25,699,38752,680975
40,20030906,7,13,18,19,25,26,6,13,1147652400,65699086000,44,1055,65081,798374
41,20030913,13,20,23,35,38,43,34,0,0,57624562000,21,700,33805,583744
42,20030920,17,18,19,21,23,32,1,6,6899280100,119909740000,35,1405,79543,1393691
43,20030927,6,31,35,38,39,44,1,1,17749630800,74686296000,21,926,45078,776043
44,20031004,3,11,21,30,38,45,39,5,3362155800,69956950000,23,785,40092,696051
45,20031011,1,10,20,27,33,35,17,2,8356417800,71216232000,27,890,45470,775339
46,20031018,8,13,15,23,31,38,39,3,5327758800,68181568000,39,1043,45243,745199
47,20031025,14,17,26,31,36,45,27,5,3250042400,67756694000,11,902,40580,679466
48,20031101,6,10,18,26,37,38,3,6,2415673600,65806832000,25,1279,58047,874668
49,20031108,4,7,16,19,33,40,30,7,1967504600,64501142000,49,1487,66451,929635
50,20031115,2,10,12,15,22,44,1,3,5227061400,65563234000,14,826,40296,664631
51,20031122,2,3,11,16,26,44,35,6,2421117000,62553680000,26,961,45707,706567
52,20031129,2,4,15,16,20,29,1,4,3900844900,64393446000,13,669,34665,619109
53,20031206,7,8,14,32,33,39,42,3,5014371000,64996010000,25,802,45372,742615
54,20031213,1,8,21,27,36,39,37,3,5148626600,63833006000,15,719,34854,617337
55,20031220,17,21,31,37,40,44,7,2,7088799600,62195764000,24,728,42550,746855
56,20031227,10,14,30,31,33,37,19,4,3777570900,65258932000,29,1359,41156,744566
57,20040103,7,10,16,25,29,44,6,4,4114411900,70132666000,25,960,44050,763692
58,20040110,10,24,25,33,40,44,1,4,3676429200,66638136000,39,1318,58215,880954
59,20040117,6,29,36,39,41,45,13,4,4127587300,67563698000,23,651,35026,626460
60,20040124,2,8,25,36,39,42,11,7,2172504600,65405936000,27,1088,45712,735708
61,20040131,14,15,19,30,38,43,8,5,3541038800,73312994000,11,789,41227,714784
62,20040207,3,8,15,27,29,35,21,1,15817286400,66740368000,22,829,41686,700804
63,20040214,3,20,23,36,38,40,5,2,7922245500,67074050000,26,824,41505,712954
64,20040221,14,15,18,21,26,36,39,4,3899818000,65085154000,11,651,37117,654379
65,20040228,4,25,33,36,40,43,39,4,3727945800,66685144000,27,1003,52556,848960
66,20040306,2,3,7,17,22,24,45,4,3685138200,63378796000,19,786,40188,712181
67,20040313,3,7,10,15,36,38,33,7,2114436500,64314872000,62,972,46740,748901
68,20040320,10,12,15,16,26,39,38,5,2945882100,63813236000,20,754,43265,735760
69,20040327,5,8,14,15,19,39,35,3,4962712200,63711302000,20,766,41220,704209
70,20040403,5,19,22,25,28,43,26,3,5031277800,63232578000,14,717,36781,645990
71,20040410,5,9,12,16,29,41,21,0,0,62889986000,28,782,39516,659631
72,20040417,2,4,11,17,26,27,1,13,3260524600,125651214000,44,2510,113994,1702959
73,20040424,3,12,18,32,40,43,38,6,2766662100,72635862000,26,1363,55608,865131
74,20040501,6,15,17,18,35,40,23,3,5284949800,68902158000,40,1021,48438,802633
75,20040508,2,5,24,32,34,44,28,4,3914616900,66138372000,19,817,40782,697174
76,20040515,1,3,15,22,25,37,43,2,7451022600,65083924000,17,840,44504,770522
77,20040522,2,18,29,32,43,44,37,3,5155758600,64420666000,19,713,37033,643154
78,20040529,10,13,25,29,33,35,38,4,3519850000,61257794000,22,910,42450,716323
79,20040605,3,12,24,27,30,32,14,4,3416443800,60390004000,31,1196,49431,741871
80,20040612,17,18,24,25,26,30,1,1,13809540000,60160440000,16,868,40251,706432
81,20040619,5,7,11,13,20,33,6,5,2714288880,60983308000,20,1046,51654,787258
82,20040626,1,2,3,14,27,42,39,1,14562494400,61302808000,20,637,36139,638058
83,20040703,6,10,15,17,19,34,14,2,7086948300,62512062000,15,851,45924,763287
84,20040710,16,23,27,34,42,45,11,2,7669779000,62780760000,17,635,32402,582445
85,20040717,6,8,13,23,31,36,21,4,3462109800,59451304000,31,823,41746,664492
86,20040724,2,12,37,39,41,45,33,1,14252186400,59835968000,16,611,35057,616434
87,20040731,4,12,16,23,34,43,26,11,1799358055,83793642000,33,1250,54768,890859
88,20040807,1,17,20,24,30,41,27,4,3069709650,51910612000,31,1183,64639,1098115
89,20040814,4,26,28,29,33,40,37,3,4248321900,55102179000,30,1340,72667,1261896
90,20040821,17,20,29,35,38,44,10,4,3291435300,55493544000,34,1297,67888,1160774
91,20040828,1,21,24,26,29,42,27,4,3582902400,59061052000,32,1205,64183,1128902
92,20040904,3,14,24,33,35,36,17,11,1233270846,58296001000,50,1623,79319,1307607
93,20040911,6,22,24,36,38,44,19,6,2269178150,57236313000,26,1462,68597,1185275
94,20040918,5,32,34,40,41,45,6,6,2245339950,57144729000,38,1353,71106,1223793
95,20040925,8,17,27,31,34,43,14,8,1747741238,60077493000,48,1728,82432,1347106
96,20041002,1,3,8,21,22,31,20,7,1847133515,54217572000,38,1197,65301,1111779
97,20041009,6,7,14,15,20,36,3,9,1496214000,57713200000,46,1543,77227,1282678
98,20041016,6,9,16,23,24,32,43,4,3177972300,56231084000,45,1880,87818,1385812
99,20041023,1,3,10,27,29,37,11,6,2169219050,56207491000,40,1581,77203,1282311
100,20041030,1,7,11,23,37,42,6,4,3315315525,56561977000,36,1544,76899,1235777
101,20041106,1,3,17,32,35,45,8,5,2707297500,57585065000,38,1405,73210,1246344
102,20041113,17,22,24,26,35,40,42,9,1457153067,56937962000,24,1352,75476,1322337
103,20041120,5,14,15,27,30,45,10,8,1691589563,57420615000,38,1583,75587,1231156
104,20041127,17,32,33,34,42,44,35,2,6610743750,56533705000,23,1293,71824,1246208
105,20041204,8,10,20,34,41,45,28,4,3416781450,57479716000,26,1331,69127,1192263
106,20041211,4,10,12,22,24,33,29,16,810461157,57384485000,40,2056,93551,1415989
107,20041218,1,4,5,6,9,31,17,2,6679927800,57545202000,35,2181,91651,1301235
108,20041225,7,18,22,23,29,44,12,7,1998900772,58875228000,41,1462,70827,1223421
109,20050101,1,5,34,36,42,44,33,12,1246838200,62584098000,31,1493,73179,1271057
110,20050108,7,20,22,23,29,43,1,3,4566262000,57625490000,38,1392,73674,1196287
111,20050115,7,18,31,33,36,40,27,6,2199047450,57876999000,51,1734,86863,1389605
112,20050122,26,29,30,33,41,42,43,9,1567271167,59292005000,32,1370,70247,1227387
113,20050129,4,9,28,33,36,45,26,9,1561528934,59258248000,43,1479,72711,1241238
114,20050205,11,14,19,26,28,41,2,6,2362345050,60079401000,41,1491,78504,1283250
115,20050212,1,2,6,9,25,28,31,9,1488589567,59130557000,34,1990,91627,1447287
116,20050219,2,4,25,31,34,37,17,7,1997747315,61606084000,56,1735,91897,1499198
117,20050226,5,10,22,34,36,44,35,9,1558378334,59429610000,50,1642,78361,1267826
118,20050305,3,4,10,17,19,22,38,10,1297989720,57171934000,41,1671,83233,1390561
119,20050312,3,11,13,14,17,21,38,9,1474899400,57800632000,49,1936,85327,1355365
120,20050319,4,6,10,11,32,37,30,3,4364530300,57418983000,31,1605,80400,1377368
121,20050326,12,28,30,34,38,43,9,2,6839648100,57134544000,31,1342,67464,1153689
122,20050402,1,11,16,17,36,40,8,9,1450073800,56171704000,38,1403,72518,1266949
123,20050409,7,17,18,28,30,45,27,5,2532982680,54097448000,38,1477,72742,1188107
124,20050416,4,16,23,25,29,42,1,9,1395936267,54180838000,37,1540,75040,1230275
125,20050423,2,8,32,33,35,36,18,7,1754870786,53149705000,36,1444,74261,1220272
126,20050430,7,20,22,27,40,43,1,9,1369301500,52748965000,35,1439,71370,1166992
127,20050507,3,5,10,29,32,43,35,6,1965939150,50752603000,43,1279,67175,1143382
128,20050514,12,30,34,36,37,45,39,6,2064043100,52310392000,23,1192,63294,1102953
129,20050521,19,23,25,28,38,42,17,11,1093629655,51555754000,50,1473,71124,1145600
130,20050528,7,19,24,27,42,45,31,4,3036496650,51359012000,30,1273,63587,1087239
131,20050604,8,10,11,14,15,21,37,8,1451214488,50231773000,33,1645,73893,1153272
132,20050611,3,17,23,34,41,45,43,4,2920473525,49921897000,34,1382,65277,1098225
133,20050618,4,7,15,18,23,26,13,8,1450242600,50889926000,51,1466,76266,1221679
134,20050625,3,12,20,23,31,35,43,5,2349155100,50445575000,50,1433,69698,1129299
135,20050702,6,14,22,28,35,39,16,7,1717293515,51062672000,28,1424,66201,1099249
136,20050709,2,16,30,36,41,42,11,6,1997694150,51144633000,26,1279,66993,1119075
137,20050716,7,9,20,25,36,39,15,9,1270403467,49978654000,40,1578,72935,1186655
138,20050723,10,11,27,28,37,39,19,5,2227152000,47688450000,32,1251,61230,1056925
139,20050730,9,11,15,20,28,43,13,7,1650210215,48371085000,28,1128,57271,986618
140,20050806,3,13,17,18,19,28,8,5,2109462840,45983464000,34,1310,64372,1082575
141,20050813,8,12,29,31,42,43,2,6,1900552400,48016958000,29,1144,58203,1000591
142,20050820,12,16,30,34,40,44,19,11,1018265564,48012844000,28,1326,64602,1067644
143,20050827,26,27,28,42,43,45,8,3,3954584700,49415357000,35,1182,57130,986951
144,20050903,4,15,17,26,36,37,43,8,1402440413,49202521000,38,1498,74181,1180411
145,20050910,2,3,13,20,27,44,9,3,3797838200,48913832000,38,1217,63120,1093545
146,20050917,2,19,27,35,41,42,25,2,6043415250,50677555000,34,1383,62524,1038812
147,20050924,4,6,13,21,40,42,36,7,1700040215,50345605000,35,1215,62412,1067800
148,20051001,21,25,33,34,35,36,17,5,2323596420,49523247000,35,1185,63358,1079664
149,20051008,2,11,21,34,41,42,27,7,1639052143,48406950000,43,1171,60450,1016240
150,20051015,2,18,25,28,37,39,16,4,2831645850,48763778000,46,1279,65200,1100850
151,20051022,1,2,10,13,18,19,15,4,2716634025,47357067000,45,1491,68250,1113528
152,20051029,1,5,13,26,29,34,43,5,2278131840,48180334000,30,1184,60282,1021147
153,20051105,3,8,11,12,13,36,33,4,2730526125,47777735000,52,1446,71562,1137072
154,20051112,6,19,21,35,40,45,20,4,2836628700,48022386000,32,1189,60181,1020067
155,20051119,16,19,20,32,33,41,4,9,1193005734,46140202000,37,1287,62882,1035003
156,20051126,5,18,28,30,42,45,2,8,1401099900,47344584000,30,1230,59506,998192
157,20051203,19,26,30,33,35,39,37,2,5484903750,46853365000,28,1155,61650,1028734
158,20051210,4,9,13,18,21,34,7,10,1069544340,46368888000,45,1516,67910,1071741
159,20051217,1,18,30,41,42,43,32,6,1755407300,44311926000,24,1071,54933,920378
160,20051224,3,7,8,34,39,41,1,2,5490805350,46833239000,32,1079,58680,1022787
161,20051231,22,34,36,40,42,45,44,7,1996876272,53096453000,63,1381,66233,1116934
162,20060107,1,5,21,25,38,41,24,5,2308265760,49050086000,33,1172,61205,1057899
163,20060114,7,11,26,28,29,44,16,7,1629726515,49018952000,47,1390,66604,1099200
164,20060121,6,9,10,11,39,41,27,3,4054937900,53052119000,39,1626,74835,1250274
165,20060128,5,13,18,19,22,42,31,2,6767426700,58088118000,40,1535,78820,1297194
166,20060204,9,12,27,36,39,45,14,11,1111299982,52157466000,28,1507,70751,1140980
167,20060211,24,27,28,30,36,39,4,5,2491222920,52744392000,36,1313,64208,1122401
168,20060218,3,10,31,40,42,43,30,5,2349946920,51496212000,54,1544,74504,1233043
169,20060225,16,27,35,37,43,45,19,5,2482888380,52076183000,31,1171,62705,1069471
170,20060304,2,11,13,15,31,42,10,6,1923108250,49718245000,27,1309,67030,1125608
171,20060311,4,16,25,29,34,35,1,6,1961339700,50357474000,19,1381,71461,1113068
172,20060318,4,19,21,24,26,41,35,11,1081154073,50758266000,19,1276,65456,1111595
173,20060325,3,9,24,30,33,34,18,8,1487736788,52286521000,63,1448,78349,1261354
174,20060401,13,14,18,22,35,39,16,7,1771103058,52340568000,26,1325,64999,1101483
175,20060408,19,26,28,31,33,36,17,5,2371132620,50895147000,48,1347,67585,1137627
176,20060415,4,17,30,32,33,34,15,5,2314663080,50488528000,40,1535,76689,1191081
177,20060422,1,10,13,16,37,43,6,7,1693285500,50480325000,30,1260,64437,1097033
178,20060429,1,5,11,12,18,23,9,5,2254621080,49582758000,44,1566,74612,1200574
179,20060506,5,9,17,25,39,43,32,10,1081093920,47291694000,53,1540,69956,1125523
180,20060513,2,15,20,21,29,34,22,2,5763371550,48895477000,35,1284,62876,1047300
181,20060520,14,21,23,32,40,45,44,6,1941763300,49124446000,24,1233,60637,1028918
182,20060527,13,15,27,29,34,40,35,3,3721439400,47222594000,44,1228,59004,1000820
183,20060603,2,18,24,34,40,42,5,6,1777221500,45938460000,25,1294,67137,1039403
184,20060610,1,2,6,16,20,33,41,6,1747753050,45503351000,31,1331,63344,1054829
185,20060617,1,2,4,8,19,38,14,3,3522485800,45783088000,34,1228,65938,1055823
186,20060624,4,10,14,19,21,45,9,9,1187882600,45484428000,46,1169,58566,984795
187,20060701,1,2,8,18,29,38,42,7,1544733900,45855961000,19,1253,59780,981217
188,20060708,19,24,27,30,31,34,36,3,3501405200,45176242000,33,1320,61227,1016219
189,20060715,8,14,32,35,37,45,28,3,3461775100,43650551000,33,1085,52193,903280
190,20060722,8,14,18,30,31,44,15,6,1784159450,44864459000,33,1016,53791,918127
191,20060729,5,6,24,25,32,37,8,4,2577114675,44534869000,23,1145,59650,1017334
192,20060805,4,8,11,18,37,45,33,4,2445348375,42035065000,38,1098,55766,943042
193,20060812,6,14,18,26,36,39,13,3,3404449700,43788477000,20,1135,58638,974398
194,20060819,15,20,23,26,39,44,28,4,2650567875,44511515000,21,1072,53559,917061
195,20060826,7,10,19,22,35,40,31,11,918992591,44374725000,66,1691,70324,1067833
196,20060902,35,36,37,41,44,45,30,15,727876520,45773496000,27,1518,58079,937967
197,20060909,7,12,16,34,42,45,4,6,1803018300,45993306000,42,1229,58551,993294
198,20060916,12,19,20,25,41,45,2,6,1797855050,45614021000,25,1050,55693,965692
199,20060923,14,21,22,25,30,36,43,2,5344252200,45021068000,23,1049,55426,939272
200,20060930,5,6,13,14,17,20,7,8,1344616613,46640423000,58,1387,66233,1078398
201,20061007,3,11,24,38,39,44,26,1,9719465400,42254768000,37,1347,61045,985655
202,20061014,12,14,27,33,39,44,17,6,1893391700,48304034000,40,1232,62532,1043620
203,20061021,1,3,11,24,30,32,7,5,2164564740,47033359000,43,1328,66916,1095728
204,20061028,3,12,14,35,40,45,5,8,1358347125,46077750000,23,1180,57646,985516
205,20061104,1,3,21,29,35,37,30,6,1835221800,46330516000,21,1098,56067,962608
206,20061111,1,2,3,15,20,25,43,5,2032859340,44326979000,36,1549,66445,1044599
207,20061118,3,11,14,31,32,37,38,5,2104673760,45282336000,37,1203,60871,1020444
208,20061125,14,25,31,34,40,44,24,6,1760767400,45516378000,34,1224,64277,1030103
209,20061202,2,7,18,20,24,33,37,6,1660896350,43753377000,34,1358,65973,1053545
210,20061209,10,19,22,23,25,37,39,2,5139085950,44757963000,46,1298,64325,1049739
211,20061216,12,13,17,20,33,41,8,10,1035800250,45332675000,29,1308,64785,1080600
212,20061223,11,12,18,21,31,38,8,4,2660747250,46139120000,36,1228,64059,1066249
213,20061230,2,3,4,5,20,24,42,8,1376678025,48745094000,33,1977,95451,1203368
214,20070106,5,7,20,25,28,37,32,8,1406980875,49195740000,36,1433,70219,1167625
215,20070113,2,3,7,15,43,44,4,7,1587689615,47675761000,32,1248,65898,1062967
216,20070120,7,16,17,33,36,40,1,13,848506108,48342018000,63,2612,79174,1157342
217,20070127,16,20,27,33,35,39,38,7,1611246172,48260644000,29,1206,64156,1066490
218,20070203,1,8,14,18,29,44,20,4,2779075800,47018314000,26,1203,60492,996397
219,20070210,4,11,20,26,35,37,16,9,1208409167,46903745000,41,1292,63889,1065147
220,20070217,5,11,19,21,34,43,31,6,1958094950,50383399000,28,1317,67271,1122150
221,20070224,2,20,33,35,37,40,10,6,1800104250,47674135000,44,1608,75459,1167205
222,20070303,5,7,28,29,39,43,44,5,2275193820,47735197000,33,1105,57093,981530
223,20070310,1,3,18,20,26,27,38,7,1498170600,46036874000,39,1416,67509,1107956
224,20070317,4,19,26,27,30,42,7,6,1808969950,46435109000,26,1158,60549,1025571
225,20070324,5,11,13,19,31,36,7,6,1777201800,46352016000,41,1287,65281,1080798
226,20070331,2,6,8,14,21,22,34,6,1744100150,45145643000,38,1305,64076,1026364
227,20070407,4,5,15,16,22,42,2,2,5253542400,44444776000,24,1103,56663,942116
228,20070414,17,25,35,36,39,44,23,9,1146700334,44764100000,39,1338,66002,1036309
229,20070421,4,5,9,11,23,38,35,7,1451441100,44762989000,27,1312,67524,1089603
230,20070428,5,11,14,29,32,33,12,8,1292929163,44191351000,25,1037,56346,971324
231,20070505,5,10,19,31,44,45,27,9,1088365900,42355627000,19,1267,59311,970465
232,20070512,8,9,10,12,24,44,35,9,1110918400,43564632000,18,1268,65000,1023708
233,20070519,4,6,13,17,28,40,39,10,999153750,43516805000,26,1274,62535,1021168
234,20070526,13,21,22,24,26,37,4,4,2519743875,42814085000,23,1049,54926,921750
235,20070602,21,22,26,27,31,37,8,3,3433330100,43347391000,29,1178,59548,901409
236,20070609,1,4,8,13,37,39,7,2,5030040150,42941871000,41,1046,54480,940827
237,20070616,1,11,17,21,24,44,33,7,1440630729,43358287000,39,1098,57338,974357
238,20070623,2,4,15,28,31,34,35,9,1121660567,42952477000,29,1066,54591,930266
239,20070630,11,15,24,39,41,44,7,9,1134140167,43296565000,29,1083,55850,927236
240,20070707,6,10,16,40,41,43,21,2,5098251450,43603443000,28,1084,57376,961510
241,20070714,2,16,24,27,28,35,21,4,2552016300,43246894000,34,967,53783,922001
242,20070721,4,19,20,21,32,34,43,8,1234542375,42679760000,36,1245,60644,975863
243,20070728,2,12,17,19,28,42,34,4,2408850000,41304830000,29,1089,54055,918683
244,20070804,13,16,25,36,37,38,19,1,9121583100,39411047000,25,1096,54930,900577
245,20070811,9,11,27,31,32,38,22,7,1382583129,41854623000,35,1092,57445,959435
246,20070818,13,18,21,23,26,39,15,5,1911774240,41453154000,26,1294,59600,959025
247,20070825,12,15,28,36,39,40,13,6,1669313900,42231698000,29,1019,52284,884542
248,20070901,3,8,17,23,38,45,13,8,1227479363,42348403000,23,1155,58847,961562
249,20070908,3,8,27,31,41,44,11,6,1663568700,42539134000,29,1169,56034,926776
250,20070915,19,23,30,37,43,45,38,5,1994726280,42122808000,17,1051,51328,887737
251,20070922,6,7,19,25,28,38,45,8,1282616400,44493014000,40,1242,62015,1028991
252,20070929,14,23,26,31,39,45,28,7,1391089715,41207920000,24,1087,51895,874916
253,20071006,8,19,25,31,34,36,33,4,2466189525,42309347000,20,1169,57084,942682
254,20071013,1,5,19,20,24,30,27,1,9741015900,42259113000,33,1225,59196,978906
255,20071020,1,5,6,24,27,42,32,6,1598618550,41425341000,13,1054,55422,945297
256,20071027,4,11,14,21,23,43,32,2,4891017000,41996580000,34,1192,56975,938980
257,20071103,6,13,27,31,32,37,4,4,2391377025,41433637000,18,1233,57977,954861
258,20071110,14,27,30,31,38,40,17,4,2426434350,41364428000,28,1724,54638,901197
259,20071117,4,5,14,35,42,45,34,2,4838533500,40905570000,25,1030,50402,864868
260,20071124,7,12,15,24,37,40,43,4,2310085575,40140211000,26,1284,58258,933907
261,20071201,6,11,16,18,31,43,2,3,3192299100,41215041000,32,1104,56285,929205
262,20071208,9,12,24,25,29,31,36,2,4518741600,39232234000,21,1106,54807,910729
263,20071215,1,27,28,32,37,40,18,6,1551704900,39677128000,27,937,50490,864303
264,20071222,9,16,27,36,41,44,5,7,1344889200,39783178000,27,1047,50096,840243
265,20071229,5,9,34,37,38,39,12,8,1200838575,40913922000,19,1010,52966,889156
266,20080105,3,4,9,11,22,42,37,3,3207211700,41937067000,36,1194,58820,986495
267,20080112,7,8,24,34,36,41,1,3,3257663300,41835853000,28,1141,55101,925922
268,20080119,3,10,19,24,32,45,12,7,1350954515,41213802000,35,1362,61857,969153
269,20080126,5,18,20,36,42,43,32,5,1961399940,41357619000,22,1014,50514,866762
270,20080202,5,9,12,20,21,26,27,5,1927830060,41845351000,32,1242,59807,971485
271,20080209,3,8,9,27,29,40,36,6,1565918150,40879633000,28,1256,59418,956127
272,20080216,7,9,12,27,39,43,28,9,1104622800,43310674000,39,1370,63219,1017199
273,20080223,1,8,24,31,34,44,6,3,3339543100,42816211000,21,1096,56192,942078
274,20080301,13,14,15,26,35,39,25,4,2505085575,42631711000,37,1254,57315,923057
275,20080308,14,19,20,35,38,40,26,1,10044066900,42329813000,19,991,51657,884959
276,20080315,4,15,21,33,39,41,25,3,3312569000,42567610000,31,1161,59894,944192
277,20080322,10,12,13,15,25,29,20,3,3272627800,41868708000,31,1104,55271,914243
278,20080329,3,11,37,39,41,43,13,3,3186530000,41088180000,27,1089,55643,922288
279,20080405,7,16,31,36,37,38,11,5,1914205320,41130542000,27,1088,55421,922712
280,20080412,10,11,23,24,36,37,35,7,1355258529,40673999000,27,1145,53915,905130
281,20080419,1,3,4,6,14,41,12,6,1554683200,40800514000,37,1491,74543,970685
282,20080426,2,5,10,18,31,32,30,7,1322052643,41051175000,32,1523,66297,1020328
283,20080503,6,8,18,31,38,45,42,3,3137224600,40133316000,24,1061,52989,876107
284,20080510,2,7,15,24,30,45,28,3,3117640300,39773403000,14,955,50537,859700
285,20080517,13,33,37,40,41,45,2,3,3164370100,40364871000,26,1017,51283,872117
286,20080524,1,15,19,40,42,44,17,3,3236566300,40944483000,27,1033,48857,857882
287,20080531,6,12,24,27,35,37,41,7,1328657100,40623489000,37,1330,60597,962149
288,20080607,1,12,17,28,35,41,10,4,2357261550,39970134000,24,1056,50246,853998
289,20080614,3,14,33,37,38,42,10,0,0,39406643000,24,1019,52281,880103
290,20080621,8,13,18,32,39,45,7,13,2149214424,80362302000,61,2297,106752,1783529
291,20080628,3,7,8,18,20,42,45,7,1450585200,44143418000,39,1227,62513,1029643
292,20080705,17,18,31,32,33,34,10,14,720373950,43394631000,37,1688,66893,977718
293,20080712,1,9,17,21,29,33,24,6,1656764400,42399708000,21,1154,61059,926442
294,20080719,6,10,17,30,37,38,40,4,2406504975,41563813000,26,1137,56795,947708
295,20080726,1,4,12,16,18,38,8,0,0,42248135000,26,1013,55376,950380
296,20080802,3,8,15,27,30,45,44,8,3066088275,63377899000,53,2066,89945,1435988
297,20080809,6,11,19,20,28,32,34,2,5056668750,43641475000,28,1275,61258,993035
298,20080816,5,9,27,29,37,40,19,1,9909778500,43151675000,40,1353,63561,1011908
299,20080823,1,3,20,25,36,45,24,7,1483772529,44463909000,29,1118,58114,984255
300,20080830,7,9,10,12,26,38,39,12,836092425,44465047000,34,1416,70193,1102135
301,20080906,7,11,13,33,37,43,26,7,1447385015,44377177000,47,1271,65756,1060486
302,20080913,13,19,20,32,38,42,4,2,5472167250,46382605000,44,1134,59455,990149
303,20080920,2,14,17,30,38,45,43,6,1672749000,42841760000,29,1158,56266,938678
304,20080927,4,10,16,26,33,41,38,6,1661646150,43158653000,37,1426,62096,992573
305,20081004,7,8,18,21,23,39,9,5,2008210140,43960659000,34,1377,66162,1049049
306,20081011,4,18,23,30,34,41,19,5,2102669520,44421462000,23,1219,56687,937697
307,20081018,5,15,21,23,25,45,12,4,2587643250,43880990000,28,1177,59400,937908
308,20081025,14,15,17,19,37,45,40,1,10232872800,43339416000,27,978,53749,922984
309,20081101,1,2,5,11,18,36,22,11,901622946,44157528000,25,1390,69125,1109802
310,20081108,1,5,19,28,34,41,16,8,1296713325,43718082000,29,1086,53956,913906
311,20081115,4,12,24,27,28,32,10,8,1237691063,43209215000,43,1363,64780,1020412
312,20081122,2,3,5,6,12,20,25,15,629017820,42255391000,58,2064,91934,1080450
313,20081129,9,17,34,35,43,45,2,6,1715422800,43672096000,26,1120,55743,936364
314,20081206,15,17,19,34,38,41,2,6,1660512200,42328094000,24,1067,54892,911785
315,20081213,1,13,33,35,43,45,23,8,1308728625,44339180000,32,1063,56207,943975
316,20081220,10,11,21,27,31,39,43,6,1673586400,44073768000,29,1398,68356,1060204
317,20081227,3,10,11,22,36,39,8,4,2576258550,44135114000,25,1132,57565,978500
318,20090103,2,17,19,20,34,45,21,9,1207436600,46663728000,28,1381,64077,1044063
319,20090110,5,8,22,28,33,42,37,5,2135659380,45435183000,26,1151,59490,984086
320,20090117,16,19,23,25,41,45,3,2,5513067900,46659886000,25,1081,57061,990610
321,20090124,12,18,20,21,25,34,42,6,1959136100,50617982000,35,1276,68791,1143526
322,20090131,9,18,29,32,38,43,20,6,1904544700,48948294000,29,1465,67829,1085740
323,20090207,10,14,15,32,36,42,3,8,1461025388,49209477000,27,1175,60796,1024880
324,20090214,2,4,21,25,33,36,17,6,1865130350,47988317000,40,1228,62473,1068571
325,20090221,7,17,20,32,44,45,33,6,1806122450,46636979000,33,1258,62629,1051453
326,20090228,16,23,25,33,36,39,40,6,1832134550,47224551000,31,1335,64087,1058186
327,20090307,6,12,13,17,32,44,24,12,882674750,45791560000,39,1242,63599,1048457
328,20090314,1,6,9,16,17,28,24,6,1819795900,47316988000,30,1380,66590,1092107
329,20090321,9,17,19,30,35,42,4,6,1830391200,47198504000,33,1215,62711,1059068
330,20090328,3,4,16,17,19,20,23,9,1162280200,45859496000,32,1431,69225,1099109
331,20090404,4,9,14,26,31,44,39,5,2165902620,46641467000,45,1365,64617,1054309
332,20090411,16,17,34,36,42,45,3,8,1359448388,46042557000,37,1098,59833,979060
333,20090418,5,14,27,30,39,43,35,7,1550987143,46019070000,36,1365,59991,982937
334,20090425,13,15,21,29,39,43,33,7,1523002972,44439656000,31,1055,52311,890292
335,20090502,5,9,16,23,26,45,21,5,2037492480,43977478000,28,1222,60578,1001927
336,20090509,3,5,20,34,35,44,16,6,1685632650,43069333000,30,989,54887,935668
337,20090516,1,5,14,18,32,37,4,8,1257500513,43432467000,33,1194,59392,989912
338,20090523,2,13,34,38,42,45,16,3,3383431000,43136020000,39,1123,54492,930171
339,20090530,6,8,14,21,30,37,45,9,1096778334,42035640000,32,1107,54545,913229
340,20090606,18,24,26,29,34,38,32,7,1439393186,42892121000,35,1125,56209,930628
341,20090613,1,8,19,34,39,43,41,7,1497207772,44722448000,33,1235,58756,978760
342,20090620,1,13,14,33,34,43,25,3,3454095800,43782188000,29,1177,56149,924123
343,20090627,1,10,17,29,31,43,15,6,1717153000,43656460000,29,1096,53794,931340
344,20090704,1,2,15,28,34,45,38,7,1467106543,43838886000,23,1106,56496,960640
345,20090711,15,20,23,29,39,42,2,2,5203577550,43530937000,38,1028,50722,884042
346,20090718,5,13,14,22,44,45,33,5,2017727340,42862389000,26,1146,54509,923360
347,20090725,3,8,13,27,32,42,10,7,1456624286,44219740000,38,1399,63761,1023184
348,20090801,3,14,17,20,24,31,34,3,3299994000,42786310000,37,1222,65694,978637
349,20090808,5,13,14,20,24,25,36,3,3353209000,43433870000,37,1168,59338,990178
350,20090815,1,8,18,24,29,33,35,9,1101052467,42681094000,23,1197,57420,964952
351,20090822,5,25,27,29,34,36,33,4,2583357150,43947492000,29,1137,55472,950273
352,20090829,5,16,17,20,26,41,24,6,1732858250,44719545000,29,1166,58931,1006238
353,20090905,11,16,19,22,29,36,26,2,5290838250,44552925000,29,1042,54217,928067
354,20090912,14,19,36,43,44,45,1,5,2124464340,44709689000,34,1014,54318,930195
355,20090919,5,8,29,30,35,44,38,5,2145424800,45017050000,24,1094,54130,925997
356,20090926,2,8,14,25,29,45,24,9,1157185267,44684958000,37,1263,61162,996940
357,20091003,10,14,18,21,36,37,5,2,5313394350,45232409000,27,1116,56547,980978
358,20091010,1,9,10,12,21,40,37,3,3472654900,45651829000,44,1382,68247,1092528
359,20091017,1,10,19,20,24,40,23,8,1286712600,45288256000,37,1656,73283,1097592
360,20091024,4,16,23,25,35,40,27,3,3566716200,45719032000,33,1208,60311,1005187
361,20091031,5,10,16,24,27,35,33,7,1473115115,45062676000,34,1463,67347,1068999
362,20091107,2,3,22,27,30,40,29,6,1729424650,44336363000,26,1173,56798,974787
363,20091114,11,12,14,21,32,38,6,4,2615910600,44863948000,33,1216,59672,998514
364,20091121,2,5,7,14,16,40,4,4,2531914800,44192004000,37,1259,63195,1043314
365,20091128,5,15,21,25,26,30,31,1,10697716800,45806066000,35,1181,62472,1014701
366,20091205,5,12,19,26,27,44,38,2,5351553900,45962166000,39,1617,71467,1028514
367,20091212,3,22,25,29,32,44,19,7,1581736586,46459307000,37,1049,55158,955212
368,20091219,11,21,24,30,39,45,26,7,1465825115,43746046000,38,1195,57581,954346
369,20091226,17,20,35,36,41,43,21,6,1842177750,46716275000,31,1157,59383,987272
370,20100102,16,18,24,42,44,45,17,7,1678941943,49762652000,32,1168,60549,1058734
371,20100109,7,9,15,26,27,42,18,7,1524130543,45843166000,29,1201,62102,1028012
372,20100116,8,11,14,16,18,21,13,9,1192593200,46167066000,37,1368,62564,1038927
373,20100123,15,26,37,42,43,45,9,4,2791801125,47095065000,29,1117,57659,987105
374,20100130,11,13,15,17,25,34,26,2,5528717850,48081319000,27,1398,69786,1122320
375,20100206,4,8,19,25,27,45,7,7,1581284058,47864938000,42,1279,64951,1096831
376,20100213,1,11,13,24,28,40,7,6,1956915800,50657096000,51,1411,69450,1151878
377,20100220,6,22,29,37,43,45,23,3,3912085400,49218434000,22,1198,58733,1009758
378,20100227,5,22,29,31,34,39,43,5,2317698240,48866964000,30,1124,59742,1023866
379,20100306,6,10,22,31,35,40,19,7,1598999786,47537685000,71,1342,62084,1022769
380,20100313,1,2,8,17,26,37,27,4,2684274825,47164371000,42,1464,77583,1137404
381,20100320,1,5,10,12,16,20,11,19,565738895,47943113000,62,1981,82120,1211298
382,20100327,10,15,22,24,27,42,19,6,1846674900,47401288000,32,1212,62267,1046779
383,20100403,4,15,28,33,37,40,25,3,3596522100,46067051000,28,1251,60525,1010183
384,20100410,11,22,24,32,36,38,7,3,3658734200,46888942000,41,1215,62090,1030160
385,20100417,7,12,19,21,29,32,9,7,1542032700,46243483000,36,1235,62096,1026272
386,20100424,4,7,10,19,31,40,26,10,1042953330,45907331000,59,1683,72203,1114222
387,20100501,1,26,31,34,40,43,20,4,2675533500,45459960000,26,1177,58115,978618
388,20100508,1,8,9,17,29,32,45,4,2545543875,44308705000,30,1269,61475,1036812
389,20100515,7,16,18,20,23,26,3,5,2119027020,45534027000,36,1253,60800,1021691
390,20100522,16,17,28,37,39,40,15,1,10373997900,44189673000,37,1087,55834,960968
391,20100529,10,11,18,22,28,39,30,1,10508749800,45161516000,32,1337,60803,1013235
392,20100605,1,3,7,8,24,42,43,6,1713528700,45528684000,30,1504,73927,1125811
393,20100612,9,16,28,40,41,43,21,8,1362003975,45989116000,35,1072,55951,966901
394,20100619,1,13,20,22,25,28,15,1,10654349100,45192337000,33,1204,56300,967784
395,20100626,11,15,20,26,31,35,7,7,1534635000,46192580000,42,1420,64267,1038443
396,20100703,18,20,31,34,40,45,30,2,5296622400,45463736000,34,1202,61586,1015292
397,20100710,12,13,17,22,25,33,8,3,3499519700,45890007000,31,1366,66958,1089481
398,20100717,10,15,20,23,42,44,7,4,2680625550,45427304000,31,1112,57405,968563
399,20100724,1,2,9,17,19,42,20,8,1276854975,45551786000,40,1462,76998,1150232
400,20100731,9,21,27,34,41,43,2,4,2669834325,45379731000,30,1254,59141,978194
401,20100807,6,12,18,31,38,43,9,9,1168214792,43491965000,29,1355,59599,949491
402,20100814,5,9,15,19,22,36,32,4,2662206188,45002946000,41,1271,62656,1034048
403,20100821,10,14,22,24,28,37,26,5,2122396875,44911335000,43,1321,63122,1030051
404,20100828,5,20,21,24,33,40,36,3,3566659375,45389825000,26,1273,63559,1050065
405,20100904,1,2,10,25,26,44,4,3,3543878000,45220904000,35,1283,63080,1056188
406,20100911,7,12,21,24,27,36,45,5,2156142450,46062206000,33,1442,66604,1065324
407,20100918,6,7,13,16,24,25,1,7,1649707286,48429586000,27,1268,65481,1108695
408,20100925,9,20,21,22,30,37,16,5,2235375825,46406711000,33,1244,62101,1039160
409,20101002,6,9,21,31,32,40,38,4,2896989750,47924584000,36,1320,64123,1061106
410,20101009,1,3,18,32,40,41,16,9,1249335709,47467817000,37,1303,65942,1088956
411,20101016,11,14,22,35,37,39,5,12,953227563,47259122000,36,1318,63403,1041554
412,20101023,4,7,39,41,42,45,40,7,1656199822,47066180000,34,1223,59882,1016225
413,20101030,2,9,15,23,34,40,3,4,2814673500,46925724000,36,1256,62797,1062284
414,20101106,2,14,15,22,23,44,43,1,11703832500,46910990000,35,1220,58726,982817
415,20101113,7,17,20,26,30,40,24,8,1334182407,46746048000,35,1587,71409,1114259
416,20101120,5,6,8,11,22,26,44,10,1072037100,46854806000,32,1501,70470,1122015
417,20101127,4,5,14,20,22,43,44,4,2818329938,45968256000,34,1181,58879,1001817
418,20101204,11,13,15,26,28,34,31,8,1435649766,47058055000,46,1316,61748,1025606
419,20101211,2,11,13,14,28,30,7,3,3796490750,46508296000,33,1194,60100,1012637
420,20101218,4,9,10,29,31,34,27,8,1424856375,47345476000,35,1187,62929,1065564
421,20101225,6,11,26,27,28,44,30,5,2321144325,47752021000,36,1203,62947,1050873
422,20110101,8,15,19,21,34,44,12,6,2205251375,52730602000,21,1293,64044,1104218
423,20110108,1,17,27,28,29,40,5,3,3896153875,49668311000,47,1432,69948,1150428
424,20110115,10,11,26,31,34,44,30,10,1109480813,48728445000,51,1686,75456,1159669
425,20110122,8,10,14,27,33,38,3,8,1534833000,50459694000,41,1297,66071,1110949
426,20110129,4,17,18,27,39,43,19,4,3057233625,51466592000,63,1463,71102,1174590
427,20110205,6,7,15,24,28,30,21,1,12571445625,52511055000,33,1415,71400,1184720
428,20110212,12,16,19,22,37,40,8,9,1437683209,54685007000,30,1568,76003,1258031
429,20110219,3,23,28,34,39,42,16,9,1485904709,53993833000,37,1389,68256,1150652
430,20110226,1,3,16,18,30,34,44,8,1611763219,53194872000,45,1449,70039,1180669
431,20110305,18,22,25,31,38,45,6,10,1268434013,51661947000,43,1337,66865,1115054
432,20110312,2,3,5,11,27,39,33,5,2299427550,52348574000,48,1747,83754,1331414
433,20110319,19,23,29,33,35,43,27,11,1182294410,52396606000,41,1278,65906,1112537
434,20110326,3,13,20,24,33,37,35,8,1480060266,51579439000,37,1867,78263,1217852
435,20110402,8,16,26,30,38,45,42,10,1287550013,52341267000,31,1426,67838,1122280
436,20110409,9,14,20,22,33,34,28,8,1512266579,50869017000,44,1425,70742,1153313
437,20110416,11,16,29,38,41,44,21,6,2096245438,50798417000,33,1286,64531,1080539
438,20110423,6,12,20,26,29,38,45,9,1377142167,50370042000,41,1303,65010,1081763
439,20110430,17,20,30,31,37,40,25,6,1900077375,49680708000,33,1437,75335,1174597
440,20110507,10,22,28,34,36,44,2,6,1995873000,49810778000,41,1495,68428,1103401
441,20110514,1,23,28,30,34,35,9,4,3170417063,50272122000,42,1127,60027,1045164
442,20110521,25,27,29,36,38,40,41,9,1413413042,51219943000,27,1271,63699,1092813
443,20110528,4,6,10,19,20,44,14,9,1327597584,51236072000,41,1668,74414,1193233
444,20110604,11,13,23,35,43,45,17,3,4154188625,50673529000,26,1270,65611,1087892
445,20110611,13,20,21,30,39,45,32,7,1791683036,50053080000,28,1183,61433,1046503
446,20110618,1,11,12,14,26,35,6,3,4051247625,50595241000,41,1375,68198,1136546
447,20110625,2,7,8,9,17,33,34,4,2657941125,49555042000,31,1721,84363,1276737
448,20110702,3,7,13,27,40,41,36,3,4026212750,51341262000,35,1422,72122,1191936
449,20110709,3,10,20,26,35,43,36,3,4059715250,50214272000,39,1295,65963,1114025
450,20110716,6,14,19,21,23,31,13,6,1990391625,49732036000,34,1349,67461,1113967
451,20110723,12,15,20,24,30,38,29,13,882138952,49861167000,31,1612,74696,1181075
452,20110730,8,10,18,30,32,34,27,9,1276902000,48456758000,48,1298,66864,1112471
453,20110806,12,24,33,38,40,42,30,5,2262732375,48055125000,36,1412,69250,1096036
454,20110813,13,25,27,34,38,41,10,7,1609125590,48389211000,43,1397,74480,1090420
455,20110820,4,19,20,26,30,35,24,7,1635711483,48769851000,32,1448,69056,1133097
456,20110827,1,7,12,18,23,27,44,7,1598505054,49420681000,39,1616,75858,1199612
457,20110903,8,10,18,23,27,40,33,10,1159902825,49679052000,47,1506,72524,1149591
458,20110910,4,9,10,32,36,40,18,8,1608812625,53778256000,52,1433,72902,1216672
459,20110917,4,6,10,14,25,40,12,7,1655842233,49890095000,46,1532,73084,1167264
460,20110924,8,11,28,30,43,45,41,4,3180895782,51917635000,30,1307,66799,1130818
461,20111001,11,18,26,31,37,40,43,6,1948674875,50624588000,32,1717,75605,1188529
462,20111008,3,20,24,32,37,45,4,8,1483559297,49325555000,39,1394,67106,1096569
463,20111015,23,29,31,33,34,44,40,0,0,49205151000,37,1254,62251,1060512
464,20111022,6,12,15,34,42,44,4,13,3355721106,126772274000,78,3145,159899,2682564
465,20111029,1,8,11,13,22,38,31,7,1923662893,57793294000,46,1733,83244,1356052
466,20111105,4,10,13,23,32,44,20,9,1530313459,58314753000,55,1746,83132,1327403
467,20111112,2,12,14,17,24,40,39,9,1435441084,57383906000,33,1811,88314,1410192
468,20111119,8,13,15,28,37,43,17,9,1527197167,55598552000,33,1457,70701,1187572
469,20111126,4,21,22,34,37,38,33,4,3330131250,53364940000,33,1277,65880,1125554
470,20111203,10,16,20,39,41,42,27,3,4333330625,53912965000,27,1390,71706,1207572
471,20111210,6,13,29,37,39,41,43,7,1939332858,53492340000,30,1219,63297,1096176
472,20111217,16,25,26,31,36,43,44,7,1809656090,51929207000,23,1352,68212,1132776
473,20111224,8,13,20,22,23,36,34,4,3250418063,52867236000,36,1313,67064,1148971
474,20111231,4,13,18,31,33,45,43,15,936690800,58978482000,48,1738,81500,1336085
475,20120107,1,9,14,16,21,29,3,8,1693923047,56043275000,33,1486,75257,1238055
476,20120114,9,12,13,15,37,38,27,4,3439851469,55591819000,34,1294,68643,1203577
477,20120121,14,25,29,32,33,45,37,8,1919011829,60801409000,33,1474,73001,1256239
478,20120128,18,29,30,37,39,43,8,14,987224759,54975901000,35,1285,67069,1141261
479,20120204,8,23,25,27,35,44,24,6,2233046500,54848834000,34,1389,71489,1197119
480,20120211,3,5,10,17,30,31,16,4,2996742282,55415681000,50,1983,96288,1382163
481,20120218,3,4,23,29,40,41,20,3,4639355750,55642616000,34,1294,66695,1185827
482,20120225,1,10,16,24,25,35,43,7,1897921179,56201452000,30,1639,78522,1292139
483,20120303,12,15,19,22,28,34,5,5,2567196675,55582659000,53,1886,83480,1300537
484,20120310,1,3,27,28,32,45,11,6,2305303063,55885979000,32,1343,70285,1197263
485,20120317,17,22,26,27,36,39,20,9,1501474917,55692878000,33,1406,72785,1237898
486,20120324,1,2,23,25,38,40,43,13,1008634125,54540823000,29,1501,72658,1230904
487,20120331,4,8,25,27,37,41,21,8,1638830766,55276503000,46,1587,76639,1265088
488,20120407,2,8,17,30,31,38,25,10,1330393575,54213092000,33,1345,69224,1181353
489,20120414,2,4,8,15,20,27,11,6,2106360625,53558490000,52,1538,75822,1227452
490,20120421,2,7,26,29,40,43,42,7,1860234161,52590121000,29,1357,65961,1126965
491,20120428,8,17,35,36,39,42,4,4,3304634438,53413874000,31,1360,68290,1133544
492,20120505,22,27,31,35,37,40,42,5,2493013800,51693454000,40,1434,69327,1152057
493,20120512,20,22,26,33,36,37,25,9,1451120334,53231838000,27,1342,68608,1154415
494,20120519,5,7,8,15,30,43,22,12,1054588407,53321589000,40,1539,74174,1215736
495,20120526,4,13,22,27,34,44,6,6,2111645000,53645960000,44,1568,75762,1228344
496,20120602,4,13,20,29,36,41,39,4,3285932250,52915804000,46,1389,66873,1117856
497,20120609,19,20,23,24,43,44,13,6,2222817813,52411585000,30,1148,61101,1073640
498,20120616,13,14,24,32,39,41,3,4,3244503094,52851253000,35,1334,68471,1139612
499,20120623,5,20,23,27,35,40,43,3,4070480250,52767632000,46,1514,76797,1252409
500,20120630,3,4,12,20,24,34,41,9,1351072375,54012267000,68,1831,84979,1308863
501,20120707,1,4,10,17,31,42,2,4,3025200094,52717711000,61,1639,77235,1272541
502,20120714,6,22,28,32,34,40,26,6,2201458125,54000640000,31,1482,70160,1176131
503,20120721,1,5,27,30,34,36,40,7,1853634911,53572205000,42,1292,69822,1198882
504,20120728,6,14,22,26,43,44,31,9,1443236959,51787037000,29,1294,63257,1082365
505,20120804,7,20,22,25,38,40,44,6,1917955188,49103223000,38,1440,69758,1144014
506,20120811,6,9,11,22,24,30,31,3,4073333875,52363311000,33,1588,75289,1224774
507,20120818,12,13,32,33,40,41,4,9,1416438875,53638773000,29,1473,73411,1230314
508,20120825,5,27,31,34,35,43,37,8,1599557860,54010391000,31,1596,75460,1234049
509,20120901,12,25,29,35,42,43,24,5,2689076100,53390358000,34,1228,64934,1104261
510,20120908,12,29,32,33,39,40,42,5,2644158150,53964992000,25,1319,69724,1173715
511,20120915,3,7,14,23,26,42,24,6,2165579250,53970308000,37,1524,72310,1209004
512,20120922,4,5,9,13,26,27,1,13,940094452,54017801000,52,1682,82439,1318396
513,20120929,5,8,21,23,27,33,12,3,4589624750,58317548000,54,1626,82270,1337355
514,20121006,1,15,20,26,35,42,9,3,4451055500,54452404000,36,1362,70323,1181166
515,20121013,2,11,12,15,23,37,8,1,13200466875,55258935000,35,1450,74773,1258039
516,20121020,2,8,23,41,43,44,30,11,1294190182,56385762000,32,1338,67233,1169955
517,20121027,1,9,12,28,36,41,10,5,2659057725,54468223000,40,1493,70854,1192872
518,20121103,14,23,30,32,34,38,6,6,2263804125,55321566000,34,1349,71110,1198970
519,20121110,6,8,13,16,30,43,3,7,1950601393,55614206000,32,1357,71405,1206248
520,20121117,4,22,27,28,38,40,1,6,2167205438,55003797000,37,1627,77196,1260891
521,20121124,3,7,18,29,32,36,19,8,1693420922,56185373000,53,1612,75589,1250016
522,20121201,4,5,13,14,37,41,11,6,2281623000,57053378000,39,1495,76078,1293961
523,20121208,1,4,37,38,40,45,7,7,1780355840,53678449000,43,1557,79706,1247454
524,20121215,10,11,29,38,41,45,21,4,3491695594,55662103000,36,1338,67866,1163075
525,20121222,11,23,26,29,39,44,22,9,1501132375,55566007000,41,1543,73791,1215973
526,20121229,7,14,17,20,35,39,31,9,1491031959,56527807000,49,1539,78325,1291054
527,20130105,1,12,22,32,33,42,38,13,1032386366,56985634000,29,1967,83212,1287504
528,20130112,5,17,25,31,39,40,10,11,1197889125,57548541000,86,1811,87443,1366616
529,20130119,18,20,24,27,31,42,39,8,1749114797,57645779000,33,1502,75069,1282443
530,20130126,16,23,27,29,33,41,22,11,1231656239,56241083000,40,1449,75595,1255300
531,20130202,1,5,9,21,27,35,45,9,1521519750,57567064000,42,1618,78757,1317489
532,20130209,16,17,23,24,29,44,3,7,2216896286,61687384000,26,1480,74186,1288672
533,20130216,9,14,15,17,31,33,23,8,1785671579,59275357000,44,1517,78509,1333013
534,20130223,10,24,26,29,37,38,32,1,14215763250,59227462000,55,1537,79943,1332446
535,20130302,11,12,14,15,18,39,34,3,4935603000,60523884000,31,1512,76742,1336486
536,20130309,7,8,18,32,37,43,12,11,1308523603,59763469000,40,1676,80139,1336621
537,20130316,12,23,26,30,36,43,11,7,2104038911,59453323000,35,1444,75265,1265143
538,20130323,6,10,18,31,32,34,11,3,4688021625,59233373000,48,1724,82529,1347630
539,20130330,3,19,22,31,42,43,26,9,1621036667,59168870000,42,1519,75592,1270479
540,20130406,3,12,13,15,34,36,14,7,1989365250,56739658000,26,1409,72629,1234194
541,20130413,8,13,26,28,32,34,43,11,1269327171,57087047000,40,1444,73911,1246235
542,20130420,5,6,19,26,41,45,34,6,2335152563,56949161000,26,1456,72242,1236252
543,20130427,13,18,26,31,34,44,12,12,1112934844,56570245000,47,1968,81520,1280433
544,20130504,5,17,21,25,36,44,10,13,1046388433,56056189000,47,1527,74263,1235509
545,20130511,4,24,25,27,34,35,2,11,1198994353,55967171000,42,1497,77301,1306657
546,20130518,8,17,20,27,37,43,6,30,405939950,56713166000,55,3110,104469,1379107
547,20130525,6,7,15,22,34,39,28,5,2838444450,57968466000,54,1548,75527,1256984
548,20130601,1,12,13,21,32,45,14,8,1736871891,57771827000,46,1646,78057,1291286
549,20130608,29,31,35,38,40,44,17,8,1760805047,56864611000,35,1487,71700,1213077
550,20130615,1,7,14,20,34,37,41,11,1118679205,56441770000,58,2728,103421,1328508
551,20130622,3,6,20,24,27,44,25,1,13526973750,56989370000,32,1440,77811,1313634
552,20130629,1,10,20,32,35,40,43,10,1330824225,57602386000,45,1808,86409,1347284
553,20130706,2,7,17,28,29,39,37,6,2249631438,56487483000,52,1647,77687,1272468
554,20130713,13,14,17,32,41,42,6,2,6813893625,56124466000,41,1484,74436,1234010
555,20130720,11,17,21,24,26,36,12,8,1711027360,57273817000,46,1554,78046,1296730
556,20130727,12,20,23,28,30,44,43,7,2005209161,57374791000,41,1411,73689,1257532
557,20130803,4,20,26,28,35,40,31,7,1888069286,55086560000,43,1503,74569,1238570
558,20130810,12,15,19,26,40,43,29,10,1315913663,54939001000,51,1408,77834,1206457
559,20130817,11,12,25,32,44,45,23,7,1926145608,55733418000,42,1566,73823,1239640
560,20130824,1,4,20,23,29,45,28,7,1976697215,56565298000,40,1476,73123,1235465
561,20130831,5,7,18,37,42,45,20,5,2753712225,56638383000,41,1434,73966,1252562
562,20130907,4,11,13,17,20,31,33,11,1166694614,56288212000,51,1789,85094,1355577
563,20130914,5,10,16,17,31,32,21,7,1932735643,57320132000,38,1642,79945,1324790
564,20130921,14,19,25,26,27,34,2,7,1934801143,58012468000,32,1649,83100,1358618
565,20130928,4,10,18,27,40,45,38,8,1742064469,59556622000,39,1866,85438,1384878
566,20131005,4,5,6,25,26,43,41,4,3508951032,57666611000,35,1555,74789,1275890
567,20131012,1,10,15,16,32,41,28,6,2318659438,57439471000,53,1547,76284,1271252
568,20131019,1,3,17,20,31,44,40,10,1305167550,57681628000,50,1845,87784,1409876
569,20131026,3,6,13,23,24,35,1,4,3467925188,58441902000,36,1706,81582,1329250
570,20131102,1,12,26,27,29,33,42,9,1527791625,57654279000,38,1573,77565,1323078
571,20131109,11,18,21,26,38,43,29,7,1966538465,56493528000,33,1506,74042,1238061
572,20131116,3,13,18,33,37,45,1,8,1668216188,56473602000,53,1734,81361,1274889
573,20131123,2,4,20,34,35,43,14,8,1645691766,56092721000,50,1622,78997,1308493
574,20131130,14,15,16,19,25,43,2,2,6965184938,55882933000,33,1259,68910,1184428
575,20131207,2,8,20,30,33,34,6,8,1699267875,56330738000,45,1488,75000,1257969
576,20131214,10,11,15,25,35,41,13,3,4321966000,54691148000,54,1561,76903,1242512
577,20131221,16,17,22,31,34,37,33,3,4484438375,57010827000,42,1526,79150,1322032
578,20131228,5,12,14,32,34,42,16,5,2796466575,58584741000,43,1615,80303,1326822
579,20140104,5,7,20,22,37,42,39,11,1396068444,63532871000,46,1769,85011,1408043
580,20140111,5,7,9,11,32,35,33,7,2028610500,60514216000,42,1665,86352,1401162
581,20140118,3,5,14,20,42,44,33,8,1844554547,60257457000,39,1384,76964,1321056
582,20140125,2,12,14,33,40,41,25,4,3560558719,59306953000,57,1631,79917,1333596
583,20140201,8,17,27,33,40,44,24,11,1341848353,62675295000,51,1826,88583,1445611
584,20140208,7,18,30,39,40,41,36,3,5033183250,61343856000,32,1464,77972,1328119
585,20140215,6,7,10,16,38,41,4,9,1620546334,60253002000,45,1528,79691,1339079
586,20140222,2,7,12,15,21,34,5,8,1778354344,59502096000,46,1570,80965,1346737
587,20140301,14,21,29,31,32,37,17,3,4974577375,59715499000,43,1437,73745,1254438
588,20140308,2,8,15,22,25,41,30,5,2889342075,59533101000,43,1676,78517,1315684
589,20140315,6,8,28,33,38,39,22,7,2136877983,60643729000,42,1559,77435,1301184
590,20140322,20,30,36,38,41,45,23,7,2185183983,60003131000,31,1370,70019,1221113
591,20140329,8,13,14,30,38,39,5,5,2964676200,59373946000,38,1483,73310,1251393
592,20140405,2,5,6,13,28,44,43,6,2356381688,58097477000,28,1406,75519,1284347
593,20140412,9,10,13,24,33,38,28,9,1532833500,59368204000,62,1818,87413,1383890
594,20140419,2,8,13,25,28,37,3,11,1255592796,57764442000,42,1750,79157,1301802
595,20140426,8,24,28,35,38,40,5,8,1744525219,57797288000,54,1501,77652,1281555
596,20140503,3,4,12,14,25,43,17,10,1328267663,56561071000,41,1651,80007,1313990
597,20140510,8,10,23,24,35,43,37,13,1057920606,56832361000,46,1532,75553,1260248
598,20140517,4,12,24,33,38,45,22,16,833998594,57518550000,50,2053,86005,1333411
599,20140524,5,12,17,29,34,35,27,8,1710918329,57381791000,43,1685,79069,1297530
600,20140531,5,11,14,27,29,36,44,15,901798725,56372519000,41,1518,77138,1258677
601,20140607,2,16,19,31,34,35,37,9,1524565209,55868455000,28,1516,72233,1205559
602,20140614,13,14,22,27,30,38,2,8,1689530860,56262855000,42,1675,77026,1251693
603,20140621,2,19,25,26,27,43,28,4,3452136563,56276650000,30,1363,71799,1227396
604,20140628,2,6,18,21,33,34,30,11,1229141557,56266399000,36,1451,75476,1266398
605,20140705,1,2,7,9,10,38,42,9,1394232250,56622924000,40,2286,92980,1386335
606,20140712,1,5,6,14,20,39,22,10,1311566850,56928896000,44,1542,82879,1366588
607,20140719,8,14,23,36,38,39,13,4,3494480907,56806213000,35,1448,73277,1220405
608,20140726,4,8,18,19,39,44,41,7,1943530018,56146117000,32,1516,74353,1243159
609,20140802,4,8,27,34,39,40,13,2,6339311438,54858201000,47,1621,80472,1300134
610,20140809,14,18,20,23,28,36,33,4,3516018375,56862756000,34,1398,71718,1218676
611,20140816,2,22,27,33,36,37,14,4,3502706157,57411079000,47,1486,74589,1258998
612,20140823,6,9,18,19,25,33,40,11,1181705250,56931314000,59,1833,86228,1364516
613,20140830,7,8,11,16,41,44,35,9,1549831209,57986249000,30,1538,77945,1299580
614,20140906,8,21,25,39,40,44,18,6,2540975438,62301977000,46,1523,80393,1360707
615,20140913,10,17,18,19,23,27,35,9,1535062417,59072378000,31,1670,83981,1383278
616,20140920,5,13,18,23,40,45,3,9,1611811250,60303360000,49,1700,81118,1350809
617,20140927,4,5,11,12,24,27,28,8,1629701860,58958123000,43,1993,93731,1481805
618,20141004,8,16,25,30,42,43,15,5,2881326225,58550803000,45,1581,75243,1260882
619,20141011,6,8,13,30,35,40,21,3,4612479375,58822925000,59,1712,83710,1355209
620,20141018,2,16,17,32,39,45,40,7,2028283233,58342777000,44,1661,78155,1266599
621,20141025,1,2,6,16,19,42,9,6,2359723500,59407216000,62,1555,82843,1336734
622,20141101,9,15,16,21,28,34,24,9,1630598292,59601329000,34,1629,77626,1270437
623,20141108,7,13,30,39,41,45,25,8,1813702594,58504142000,35,1456,73522,1245962
624,20141115,1,7,19,26,27,35,16,5,2763729450,57832726000,61,1574,78840,1309900
625,20141122,3,6,7,20,21,39,13,5,2765184675,58614979000,45,1654,82014,1354445
626,20141129,13,14,26,33,40,43,15,8,1717871110,58986187000,45,1766,86261,1371217
627,20141206,2,9,22,25,31,45,12,10,1352230650,55981334000,35,1532,74824,1243945
628,20141213,1,7,12,15,23,42,11,9,1499942875,57253109000,37,1628,80147,1323978
629,20141220,19,28,31,38,43,44,1,5,2919433575,57618701000,34,1321,68554,1183752
630,20141227,8,17,21,24,27,31,15,3,4836305500,61335894000,48,1631,84380,1420745
631,20150103,1,2,4,23,31,34,8,4,3919853532,65300621000,46,1676,85710,1491785
632,20150110,15,18,21,32,35,44,6,11,1432587716,63066603000,52,1645,78418,1320223
633,20150117,9,12,19,20,39,41,13,12,1217257094,62015797000,47,1789,87613,1430227
634,20150124,4,10,11,12,20,27,38,13,1077935106,63149567000,54,2208,101514,1562975
635,20150131,11,13,25,26,29,33,32,8,1855587235,62429621000,35,1650,85675,1427626
636,20150207,6,7,15,16,20,31,26,8,1832362219,62786394000,44,1973,90830,1461300
637,20150214,3,16,22,37,38,44,23,4,3899241094,63504865000,45,1637,82147,1369826
638,20150221,7,18,22,24,31,34,6,7,2229403179,64319586000,41,1719,84781,1422596
639,20150228,6,15,22,23,25,32,40,4,4061185219,66202599000,45,1628,84861,1439719
640,20150307,14,15,18,21,26,35,23,9,1728768834,64080502000,48,1639,85410,1404905
641,20150314,11,18,21,36,37,43,12,8,1990074563,63773134000,50,1565,79145,1340371
642,20150321,8,17,18,24,39,45,32,12,1251460438,63544224000,62,1815,88406,1465689
643,20150328,15,24,31,32,33,40,13,6,2535763625,63110068000,43,1525,84656,1407225
644,20150404,5,13,17,23,28,36,8,8,1831451204,61846599000,49,1879,87582,1401744
645,20150411,1,4,16,26,40,41,31,4,3696297750,62661756000,28,1766,87873,1444728
646,20150418,2,9,24,41,43,45,30,7,2215498393,62308090000,36,1522,77400,1321212
647,20150425,5,16,21,23,24,30,29,7,2189725608,62314338000,44,1596,79202,1351926
648,20150502,13,19,28,37,38,43,4,7,2120987947,60874405000,45,1631,80986,1318403
649,20150509,3,21,22,33,41,42,20,5,2948042100,60473178000,45,1689,80347,1313125
650,20150516,3,4,7,11,31,41,35,5,2849298900,60991082000,45,1814,87030,1429743
651,20150523,11,12,16,26,29,44,18,8,1855306454,61494891000,35,1684,82567,1365832
652,20150530,3,13,15,40,41,44,20,5,3003483525,60426977000,36,1504,75739,1280663
653,20150606,5,6,26,27,38,39,1,14,980958670,59716037000,56,1997,88995,1419408
654,20150613,16,21,26,31,36,43,6,8,1879301391,60697813000,69,1787,77788,1282725
655,20150620,7,37,38,39,40,44,18,9,1661439625,60434801000,41,1610,77437,1281655
656,20150627,3,7,14,16,31,40,39,2,7330002750,61328118000,48,1747,83772,1385757
657,20150704,10,14,19,39,40,43,23,9,1694762792,61769837000,52,1562,78396,1325593
658,20150711,8,19,25,28,32,36,37,9,1634031375,61131243000,38,1678,82738,1364069
659,20150718,7,18,19,27,29,42,45,11,1336604216,61677747000,40,1765,85028,1396789
660,20150725,4,9,23,33,39,44,14,10,1421272575,60813322000,48,1951,88247,1408802
661,20150801,2,3,12,20,27,38,40,8,1713025547,59597375000,63,1830,87840,1426883
662,20150808,5,6,9,11,15,37,26,8,1689733688,59164542000,43,1787,88493,1426759
663,20150815,3,5,8,19,38,42,20,7,2080244143,61100704000,60,1627,84092,1386028
664,20150822,10,20,33,36,41,44,5,10,1536801338,61921689000,44,1530,77395,1320082
665,20150829,5,6,11,17,38,44,13,4,3643230375,61885874000,30,1790,87227,1430205
666,20150905,2,4,6,11,17,28,16,6,2396901063,62652917000,47,1947,93631,1493940
667,20150912,15,17,25,37,42,43,13,7,2228764393,63421632000,40,1543,81344,1368363
668,20150919,12,14,15,24,27,32,3,5,2991158625,63346405000,56,1873,89414,1452289
669,20150926,7,8,20,29,33,38,9,6,2708173188,67952211000,52,1949,93078,1531364
670,20151003,11,18,26,27,40,41,25,12,1191725219,62242687000,39,2145,92680,1483948
671,20151010,7,9,10,13,31,35,24,4,3722322844,63940807000,48,1778,90364,1519963
672,20151017,8,21,28,31,36,45,43,9,1754745000,63542330000,46,1629,80167,1341175
673,20151024,7,10,17,29,33,44,5,10,1491453300,63163578000,35,1864,88838,1450769
674,20151031,9,10,14,25,27,31,11,8,1770565500,61386974000,48,1846,89646,1465031
675,20151107,1,8,11,15,18,45,7,4,3514549032,60458623000,65,1806,88118,1415830
676,20151114,1,8,17,34,39,45,27,8,1879726500,62147642000,63,1665,83276,1371921
677,20151121,12,15,24,36,41,44,42,8,1921114407,62267624000,37,1701,79827,1330115
678,20151128,4,5,6,12,25,37,45,6,2288490188,60887293000,41,1855,93305,1494095
679,20151205,3,5,7,14,26,34,35,5,2863005600,62220918000,54,1829,91171,1493041
680,20151212,4,10,19,29,32,42,30,14,1110570563,64245201000,44,1870,86441,1413980
681,20151219,21,24,27,29,43,44,7,6,2696328938,63268253000,37,1441,73062,1282079
682,20151226,17,23,27,35,38,43,2,4,4063713563,66757858000,56,1851,87618,1464978
683,20160102,6,13,20,27,28,40,15,16,1010930883,71940091000,45,2704,117974,1700964
684,20160109,1,11,15,17,25,39,40,9,1688815709,66623887000,62,1968,98607,1623161
685,20160116,6,7,12,28,38,40,18,11,1494367671,69126675000,52,1910,95302,1576169
686,20160123,7,12,15,24,25,43,13,8,1937531719,65274010000,36,1863,91027,1483730
687,20160130,1,8,10,13,28,42,45,6,2720029313,68044669000,38,1780,91404,1538380
688,20160206,5,15,22,23,34,35,2,9,1967536750,73095612000,53,2107,97676,1610713
689,20160213,7,17,19,30,36,38,34,7,2321775911,67460147000,44,1809,90296,1509073
690,20160220,24,25,33,34,38,39,43,15,1126507625,69142025000,34,1772,87970,1528472
691,20160227,15,27,33,35,43,45,16,6,2839296750,68590328000,31,1708,86063,1455528
692,20160305,3,11,14,15,32,36,44,7,2301273697,66390499000,44,1770,87763,1465709
693,20160312,1,6,11,28,34,42,30,10,1642763813,67352935000,43,1692,87017,1484420
694,20160319,7,15,20,25,33,43,12,10,1555036388,67533257000,78,2286,102474,1581822
695,20160326,4,18,26,33,34,38,14,11,1450214830,67672085000,66,1979,95436,1558885
696,20160402,1,7,16,18,34,38,21,10,1632054413,67542971000,44,1721,90020,1501952
697,20160409,2,5,8,11,33,39,31,10,1531443038,66966141000,90,1940,99698,1615786
698,20160416,3,11,13,21,33,37,18,8,1921084125,66283268000,48,2088,97965,1550364
699,20160423,4,5,8,16,21,29,3,8,1995411375,66743146000,50,1799,90504,1512397
700,20160430,11,23,28,29,30,44,13,8,2082099188,66846276000,41,1562,82874,1414076
701,20160507,3,10,14,16,36,38,35,10,1583183175,64454138000,40,1659,81917,1404422
702,20160514,3,13,16,24,26,29,9,11,1465091387,66219854000,46,1819,88043,1443954
703,20160521,10,28,31,33,41,44,21,5,3235784100,65728988000,51,1719,84194,1416580
704,20160528,1,4,8,23,33,42,45,4,3865190344,65930117000,47,1906,95021,1519932
705,20160604,1,6,17,22,28,45,23,4,3987206532,65859843000,49,1805,87931,1453654
706,20160611,3,4,6,10,28,30,37,4,3831746063,65723488000,51,2108,95376,1531393
707,20160618,2,12,19,24,39,44,35,12,1322167313,66813924000,74,2006,94281,1507647
708,20160625,2,10,16,19,34,45,1,4,4099552219,66806307000,52,1712,86091,1446865
709,20160702,10,18,30,36,39,44,32,14,1165271625,65592504000,44,1696,82305,1385853
710,20160709,3,4,9,24,25,33,10,5,2895441150,65083972000,57,1990,102058,1627229
711,20160716,11,15,24,35,37,45,42,7,2277413358,66152746000,44,1865,89898,1465123
712,20160723,17,20,30,31,33,45,19,4,4034485125,66136318000,47,1727,86066,1449521
713,20160730,2,5,15,18,19,23,44,9,1714720917,64646552000,50,1791,87920,1470125
714,20160806,1,7,22,33,37,40,20,7,2085131733,64099989000,46,2029,96576,1551993
715,20160813,2,7,27,33,41,44,10,6,2605510438,65794607000,61,1873,90747,1503174
716,20160820,2,6,13,16,29,30,21,12,1358752157,67040169000,35,1743,88628,1469730
717,20160827,2,11,19,25,28,32,44,6,2702433688,68597839000,47,1974,96836,1567530
718,20160903,4,11,20,23,32,39,40,17,926166464,69400763000,64,2404,114614,1595315
719,20160910,4,8,13,19,20,43,26,9,1879581334,71378392000,58,2020,99906,1627784
720,20160917,1,12,29,34,36,37,41,14,1233770358,69939090000,37,1778,88260,1505233
721,20160924,1,28,35,41,43,44,31,8,2273767360,71627567000,40,1607,84770,1464353
722,20161001,12,14,21,30,39,43,45,4,4365422719,69446489000,46,1688,84912,1439078
723,20161008,20,30,33,35,36,44,22,8,2114365360,67750231000,40,1777,85141,1412967
724,20161015,2,8,33,35,37,41,14,12,1427789813,69987274000,55,1833,90083,1528970
725,20161022,6,7,19,21,41,43,38,11,1579217250,70208676000,47,1795,88359,1504907
726,20161029,1,11,21,23,34,44,24,14,1166872634,68799295000,56,2099,96718,1556425
727,20161105,7,8,10,19,21,31,20,14,1115107742,67559139000,87,2064,99271,1600135
728,20161112,3,6,10,30,34,37,36,5,3243464400,68306112000,56,1869,94693,1559062
729,20161119,11,17,21,26,36,45,16,4,4198250719,68784161000,35,1875,89560,1504682
730,20161126,4,10,14,15,18,22,39,8,2017382110,66934105000,45,1741,88791,1501752
731,20161203,2,7,13,25,42,45,39,7,2340471054,69239673000,45,1908,96083,1594258
732,20161210,2,4,5,17,27,32,43,7,2203270608,68645948000,45,2061,104583,1705993
733,20161217,11,24,32,33,35,40,13,4,4016725125,69321488000,57,1966,101369,1633952
734,20161224,6,16,37,38,41,45,18,9,1949395500,71457582000,36,1758,92514,1542069
735,20161231,5,10,13,27,37,41,4,10,1847231588,77488209000,50,2269,107013,1752740
736,20170107,2,11,17,18,21,27,6,5,3397362225,73510203000,54,2250,107357,1747634
737,20170114,13,15,18,24,27,41,11,4,4283061000,70775944000,48,1937,94183,1567166
738,20170121,23,27,28,38,42,43,36,11,1634191091,71768122000,48,1640,88050,1502685
739,20170128,7,22,29,33,34,35,30,4,4744122282,77999661000,45,1942,101983,1719739
740,20170204,4,8,9,16,17,19,31,18,936929792,75186520000,43,2447,115722,1864169
741,20170211,5,21,27,34,44,45,16,6,3043595938,74392585000,55,1829,95007,1619435
742,20170218,8,10,13,36,37,40,6,16,1111814813,73857792000,44,1986,98348,1658556
743,20170225,15,19,21,34,41,44,10,7,2608641000,73436852000,46,1982,91886,1555362
744,20170304,10,15,18,21,34,41,43,15,1155411575,73507293000,61,2779,109229,1636793
745,20170311,1,2,3,9,12,23,10,20,746822982,73575119000,110,3692,141918,1955276
746,20170318,3,12,33,36,42,45,25,9,2038623709,74239579000,58,1904,94197,1589291
747,20170325,7,9,12,14,23,28,17,9,1903214584,73337880000,59,2217,105307,1713003
748,20170401,3,10,13,22,31,32,29,9,1928246542,72750277000,59,1937,99448,1652756
749,20170408,12,14,24,26,34,45,41,13,1350104395,72252889000,64,1985,95573,1589197
750,20170415,1,2,15,19,24,36,12,7,2522104286,72248100000,44,1779,93135,1585532
751,20170422,3,4,16,20,28,44,17,8,2097968110,71534233000,69,2210,102632,1651438
752,20170429,4,16,20,33,40,43,7,9,1870358834,71600822000,75,2036,102477,1646451
753,20170506,2,17,19,24,37,41,3,6,2711105063,68915001000,58,1934,97566,1578072
754,20170513,2,8,17,24,29,31,32,5,3427542000,70765850000,50,1856,93279,1573739
755,20170520,13,14,26,28,30,36,37,8,2214427266,71300635000,54,1845,89745,1508502
756,20170527,10,14,16,18,27,28,4,5,3414434700,70992946000,53,1866,94800,1598715
757,20170603,6,7,11,17,33,44,1,21,739839858,71053002000,68,2657,117353,1788667
758,20170610,5,9,12,30,39,43,24,8,2078969954,71764259000,63,2170,106121,1680080
759,20170617,9,33,36,40,42,43,32,6,3032670500,72632208000,44,1761,88543,1525518
760,20170624,10,22,27,31,42,43,12,8,2253299391,72200797000,45,1749,89221,1520831
761,20170701,4,7,11,24,42,45,30,7,2392730518,71415903000,52,2139,101503,1660130
762,20170708,1,3,12,21,26,41,16,10,1631432063,70558895000,53,2044,103406,1671344
763,20170715,3,8,16,32,34,43,10,8,2138130000,70652100000,45,2019,94176,1562106
764,20170722,7,22,24,31,34,36,15,7,2459975465,70318932000,44,1908,90896,1530979
765,20170729,1,3,8,12,42,43,33,15,1109214250,70972360000,54,2121,101653,1643849
766,20170805,9,30,34,35,39,41,21,8,2173637297,69500769000,41,1734,85422,1458764
767,20170812,5,15,20,31,34,42,22,15,1163768725,71285599000,46,1905,92437,1549115
768,20170819,7,27,29,30,38,44,4,13,1363572260,72306975000,53,1849,93126,1572387
769,20170826,5,7,11,16,41,45,4,9,1930760042,72873431000,55,1962,99272,1660799
770,20170902,1,9,12,23,39,43,34,8,2163099329,74166379000,75,2302,108450,1717526
771,20170909,6,10,17,18,21,29,30,4,4362644907,73545939000,49,2054,102013,1680976
772,20170916,5,6,11,14,21,41,32,10,1769608838,74375369000,53,2027,103023,1688350
773,20170923,8,12,19,21,31,35,44,11,1609403080,74560597000,58,2094,104474,1690404
774,20170930,12,15,18,28,34,42,9,11,1709721512,77347021000,60,1956,101524,1704279
775,20171007,11,12,29,33,38,42,17,5,3470437650,70795452000,37,1719,91297,1539325
776,20171014,8,9,18,21,28,40,20,7,2557579393,74826082000,50,2001,102081,1687650
777,20171021,6,12,17,21,34,37,18,21,833468036,75534360000,66,2413,111938,1766635
778,20171028,6,21,35,36,37,41,11,3,6264069500,75075606000,67,1731,92126,1575045
779,20171104,6,12,19,24,34,41,4,11,1527709296,73773676000,66,2503,114464,1751447
780,20171111,15,17,19,21,27,45,16,11,1667520137,74232084000,45,1681,92630,1605516
781,20171118,11,16,18,19,24,39,43,9,1882891542,72483157000,52,1967,102959,1699786
782,20171125,6,18,31,34,38,45,20,9,1946487625,72253973000,49,2047,96821,1585617
783,20171202,14,15,16,17,38,45,36,4,4603964625,73525256000,36,1869,90899,1532640
784,20171209,3,10,23,24,31,39,22,9,1908678000,74311382000,51,2257,115089,1699421
785,20171216,4,6,15,25,26,33,40,6,2886622688,72974563000,55,1972,100062,1678240
786,20171223,12,15,16,20,24,30,38,4,4551365250,75930156000,96,2064,103000,1708226
787,20171230,5,6,13,16,27,28,9,6,3092108313,79593923000,51,2339,114842,1863599
788,20180106,2,10,11,19,35,39,29,13,1401475154,78121882000,70,2257,112504,1828701
789,20180113,2,6,7,12,19,45,38,15,1140976825,76136603000,70,2437,118089,1868863
790,20180120,3,8,19,27,30,41,12,16,1160516274,78978881000,59,2417,113336,1812992
791,20180127,2,10,12,31,33,42,32,14,1253081893,74205844000,38,2410,102931,1713102
792,20180203,2,7,19,25,29,36,16,7,2655736768,76339003000,65,1958,99185,1684675
793,20180210,10,15,21,35,38,43,31,5,3750146775,76177477000,61,2043,98216,1635392
794,20180217,6,7,18,19,30,38,13,7,2650940304,79941579000,45,2607,116809,1877646
795,20180224,3,10,13,26,34,38,36,11,1714977000,79661342000,62,2423,111043,1825105
796,20180303,1,21,26,36,40,41,5,7,2763490340,77685943000,46,1921,96701,1643069
797,20180310,5,22,31,32,39,45,36,8,2397028125,77339940000,34,1868,97900,1641334
798,20180317,2,10,14,22,32,36,41,7,2710791911,77038759000,60,2124,98988,1653851
799,20180324,12,17,23,34,42,45,33,10,1826427225,76708986000,56,2242,107519,1725236
800,20180331,1,4,10,12,28,45,26,11,1632246205,76994062000,51,2179,110956,1801924
801,20180407,17,25,28,37,43,44,2,8,2256786657,74034792000,51,1999,97006,1618941
802,20180414,10,11,12,18,24,42,27,16,1082947993,75146781000,67,2207,107980,1814300
803,20180421,5,9,14,26,30,43,2,5,3663810225,75670793000,50,2094,102413,1657869
804,20180428,1,10,13,26,32,36,9,11,1631996523,74557028000,49,2048,100907,1659443
805,20180505,3,12,13,18,31,32,42,4,4266061969,73065981000,53,2075,105602,1700112
806,20180512,14,20,23,31,37,38,27,7,2640760875,74030583000,57,1850,91180,1561838
807,20180519,6,10,18,25,34,35,33,7,2437662322,73831580000,59,2319,108300,1749855
808,20180526,15,21,31,32,41,43,24,6,3087620500,74911438000,46,1962,95319,1597761
809,20180602,6,11,15,17,23,40,39,6,2921372750,74214104000,56,2179,104350,1703714
810,20180609,5,10,13,21,39,43,11,8,2231598047,74388355000,64,2053,100608,1672013
811,20180616,8,11,19,21,36,45,25,7,2524148197,74570813000,49,2151,104155,1703788
812,20180623,1,3,12,14,16,43,10,6,2947954750,74147816000,68,1976,100498,1693074
813,20180630,11,30,34,35,42,44,27,4,4591763157,73394947000,43,1800,89323,1548384
814,20180707,2,21,28,38,42,45,30,6,3067192063,74316543000,52,1833,93837,1585777
815,20180714,17,21,25,26,27,36,4,7,2579855358,73416400000,39,1703,92977,1596140
816,20180721,12,18,19,29,31,39,7,8,2128107938,72397826000,67,2064,102402,1675799
817,20180728,3,9,12,13,25,43,34,9,1868477334,72552766000,54,2068,105276,1718171
818,20180804,14,15,25,28,29,30,3,13,1380804318,71793353000,39,1845,90205,1490497
819,20180811,16,25,33,38,40,45,15,7,2594534840,74578907000,49,1981,97667,1638089
820,20180818,10,21,22,30,35,42,6,4,4627313532,75744571000,60,1987,99433,1644326
821,20180825,1,12,13,24,29,44,16,14,1316155956,76118239000,55,2100,101082,1687355
822,20180901,9,18,20,24,27,36,12,3,5930898625,75681739000,79,2153,108789,1735565
823,20180908,12,18,24,26,39,40,15,9,2009843917,77400124000,61,2348,112065,1795737
824,20180915,7,9,24,29,34,38,26,15,1256646550,78257422000,51,2106,105359,1745566
825,20180922,8,15,21,31,33,38,42,12,1658710563,82890578000,53,2249,113070,1850484
826,20180929,13,16,24,25,33,36,42,9,2075192084,78218740000,47,2232,108626,1755153
827,20181006,5,11,12,29,33,44,14,15,1206500375,76490125000,46,2113,106164,1761371
828,20181013,4,7,13,29,31,39,18,13,1455185972,77552827000,62,1968,100644,1704198
829,20181020,4,5,31,35,43,45,29,8,2444650641,77998807000,45,1837,94679,1637836
830,20181027,5,6,16,18,37,38,17,9,2060528750,77714000000,80,2142,106206,1764071
831,20181103,3,10,16,19,31,39,9,16,1110702258,77622753000,61,2660,117332,1849959
832,20181110,13,14,19,26,40,43,30,9,2088204584,77411900000,60,2137,102312,1706379
833,20181117,12,18,30,39,41,42,19,8,2356317282,77738402000,53,1945,103152,1715510
834,20181124,6,8,18,35,42,43,3,11,1690693671,75941791000,47,1967,99132,1643491
835,20181201,9,10,13,28,38,45,35,15,1233681125,77694435000,58,2306,106763,1767089
836,20181208,1,9,11,14,26,28,19,14,1257843670,74536697000,62,2230,103846,1719260
837,20181215,2,25,28,30,33,45,6,6,3144449125,76614176000,47,2012,97334,1656959
838,20181222,9,14,17,33,36,38,20,5,3813733050,79414484000,68,2220,107897,1777501
839,20181229,3,9,11,12,13,19,35,13,1359454904,79219710000,48,2664,126227,1946924
840,20190105,2,4,11,28,29,43,27,10,2042961788,84057771000,51,2275,110586,1852019
841,20190112,5,11,14,30,33,38,24,17,1116095714,81580789000,88,2490,119648,1901965
842,20190119,14,26,32,36,39,42,38,10,2035475025,81957444000,42,2039,103190,1735911
843,20190126,19,21,30,33,34,42,4,5,4012970100,81857498000,52,2002,105717,1777953
844,20190202,7,8,13,15,33,45,18,18,1162963542,87805610000,73,2406,120078,1997556
845,20190209,1,16,29,33,40,45,6,11,1891217182,83884034000,56,2038,105790,1782933
846,20190216,5,18,30,41,43,45,13,13,1596884395,83936839000,69,1997,106009,1797728
847,20190223,12,16,26,28,30,42,22,8,2520846657,83782512000,40,2443,114324,1857205
848,20190302,1,2,16,22,38,39,34,7,3011580858,84523266000,42,2109,103845,1792259
849,20190309,5,13,17,29,34,39,3,17,1158252883,82333674000,56,2682,113125,1851371
850,20190316,16,20,24,28,36,39,5,6,3377587875,81474176000,55,2023,101591,1727367
851,20190323,14,18,22,26,31,44,40,8,2483692313,81099116000,70,2101,106132,1750048
852,20190330,11,17,28,30,33,35,9,4,4801543407,81470793000,67,2328,114850,1876933
853,20190406,2,8,23,26,27,44,13,7,2885006786,82244370000,90,2018,105158,1787511
854,20190413,20,25,31,32,36,43,3,6,3421706750,81823338000,44,1865,99152,1716083
855,20190420,8,15,17,19,43,44,7,9,2269510500,82374732000,61,2022,102532,1765328
856,20190427,10,24,40,41,43,44,17,5,3977927550,80496424000,53,1949,104537,1700369
857,20190504,6,10,16,28,34,38,43,15,1284915425,80933117000,62,2367,111971,1833940
858,20190511,9,13,32,38,39,43,23,9,2202347459,81366889000,41,2075,106176,1789295
859,20190518,8,22,35,38,39,41,24,11,1853927489,80944223000,51,1895,97729,1678945
860,20190525,4,8,18,25,27,32,42,10,1879899825,81846672000,62,2339,128867,1882931
861,20190601,11,17,19,21,22,25,24,4,4872108844,81032551000,65,2256,108644,1819899
862,20190608,10,34,38,40,42,43,32,9,2190922709,80609005000,63,2042,104765,1755036
863,20190615,16,21,28,35,39,43,12,7,2853357322,81288540000,64,2042,104949,1753097
864,20190622,3,7,10,13,25,36,32,11,1716553637,82220290000,64,2467,122913,1957675
865,20190629,3,15,22,32,33,45,2,13,1551729145,81748217000,52,2076,104626,1749234
866,20190706,9,15,29,34,37,39,12,9,2240409000,81961886000,68,2035,104919,1770017
867,20190713,14,17,19,22,24,40,41,5,3933755250,81607190000,57,2175,109516,1820552
868,20190720,12,17,28,41,43,44,25,6,3233804250,80549078000,61,2152,109133,1789491
869,20190727,2,6,20,27,37,39,4,10,1922582588,80268389000,56,2210,108562,1814332
870,20190803,21,25,30,32,40,42,31,10,1928842988,78688663000,48,2033,102000,1705285
871,20190810,2,6,12,26,30,34,38,7,2718071358,79527502000,61,2231,108666,1792357
872,20190817,2,4,30,32,33,43,29,16,1262705579,81002518000,46,2018,99681,1715898
873,20190824,3,5,12,13,33,39,38,10,1874553225,82375586000,68,2375,123684,2001910
874,20190831,1,15,19,23,28,42,32,18,1117123917,82990138000,68,2240,110655,1830269
875,20190907,19,22,30,34,39,44,36,14,1415946724,80635281000,33,2278,105071,1726617
876,20190914,5,16,21,26,34,42,24,19,1090657856,85088368000,59,2427,112619,1856647
877,20190921,5,17,18,22,23,43,12,12,1716607188,84584730000,75,2167,109806,1867270
878,20190928,2,6,11,16,25,31,3,6,3207993500,84183676000,69,2971,129139,1994188
879,20191005,1,4,10,14,15,35,20,6,3206361313,83174251000,77,2594,123497,1952277
880,20191012,7,17,19,23,24,45,38,7,2837810465,83862502000,52,2332,114994,1939064
881,20191019,4,18,20,26,27,32,9,8,2503212282,84495552000,67,2189,116952,1939849
882,20191026,18,34,39,43,44,45,23,5,4127270400,84351602000,44,2082,109226,1839873
883,20191102,9,18,32,33,37,44,22,15,1360519525,85624171000,65,2538,119613,1924209
884,20191109,4,14,23,28,37,45,17,12,1799077282,86554613000,74,2207,108076,1817654
885,20191116,1,3,24,27,39,45,31,13,1543832568,83396319000,56,2279,111832,1869359
886,20191123,19,23,28,37,42,45,2,7,2974643786,84186094000,59,2140,109766,1768281
887,20191130,8,14,17,27,36,45,10,8,2535268688,84416872000,66,2388,114719,1885924
888,20191207,3,7,12,31,34,38,32,8,2370359204,82777313000,59,2453,123025,1990715
889,20191214,3,13,29,38,39,42,26,10,2108986950,86734222000,60,2338,114198,1907477
890,20191221,1,4,14,18,29,37,6,9,2335486167,86693498000,58,2376,114859,1915593
891,20191228,9,13,28,31,39,41,19,7,3082673947,89742677000,77,2443,122132,1998623
892,20200104,4,9,17,18,26,42,36,17,1282017464,93091115000,78,2709,134155,2155749
893,20200111,1,15,17,23,25,41,10,9,2377433625,87661567000,58,2113,116062,1899696
894,20200118,19,32,37,40,41,43,45,9,2377935959,88465183000,56,2331,116749,1971982
895,20200125,16,26,31,38,39,41,23,12,1928079219,96962255000,58,2750,134059,2185782
896,20200201,5,12,25,26,38,45,23,7,3053222036,90461998000,46,2586,128068,2066172
897,20200208,6,7,12,22,26,36,29,13,1619922520,88231474000,62,2398,121076,1996656
898,20200215,18,21,28,35,37,42,17,8,2639313235,90067839000,56,3240,137051,2005739
899,20200222,8,19,20,21,33,39,37,6,3359356063,85877347000,53,2402,121900,1993765
900,20200229,7,13,16,18,35,38,14,6,3349851375,83639372000,51,2385,113132,1872855
901,20200307,5,18,20,23,30,34,21,9,2267974667,84783962000,67,2308,114451,1890747
902,20200314,7,19,23,24,36,39,30,13,1619317529,87501981000,67,2372,119126,1945304
903,20200321,2,15,16,21,22,28,45,13,1684582212,88625160000,49,2316,111981,1902821
904,20200328,2,6,8,26,43,45,11,8,2718077813,88938220000,92,2337,115626,1938996
905,20200404,3,4,16,27,38,40,20,7,3017862536,90357634000,77,2643,129133,2111090
906,20200411,2,5,14,28,31,32,20,9,2472607250,90948274000,63,2369,117171,1988860
907,20200418,21,27,29,38,40,44,37,7,3165059036,89331282000,67,2300,112189,1903128
908,20200425,3,16,21,22,23,44,30,8,2834856141,89923601000,57,2161,108610,1858567
909,20200502,7,24,29,30,34,35,33,11,2021062875,89543261000,63,2316,111558,1910295
910,20200509,1,11,17,27,35,39,31,21,941316375,86308857000,72,2694,128516,2074354
911,20200516,4,5,12,14,32,42,35,10,2113538625,89332410000,58,2571,123236,2064778
912,20200523,5,8,18,21,22,38,10,14,1493500581,88599155000,70,2547,125332,2030860
913,20200530,6,14,16,21,27,37,40,16,1338755602,89336949000,66,2467,122530,1996371
914,20200606,16,19,24,33,42,44,27,11,1950005557,89558503000,55,2585,122904,2006794
915,20200613,2,6,11,13,22,37,14,6,3518640500,87862418000,63,2436,119025,1966167
916,20200620,6,21,22,32,35,36,17,11,2025384341,89133044000,70,2184,111426,1857917
917,20200627,1,3,23,24,27,43,34,10,2144799638,88950867000,47,2260,117542,2000201
918,20200704,7,11,12,31,33,38,5,18,1117622646,89200857000,86,2718,137216,2183337
919,20200711,9,14,17,18,42,44,35,5,4305150450,90218056000,56,2541,122864,2052965
920,20200718,2,3,26,33,34,43,29,7,3120260197,89805177000,53,2348,117181,1984222
921,20200725,5,7,12,22,28,41,1,17,1232573405,89888341000,72,2682,129993,2101238
922,20200801,2,6,13,17,27,43,36,6,3417904500,89266682000,89,2876,136052,2097501
923,20200808,3,17,18,23,36,41,26,8,2667554625,87867402000,56,2376,115877,1937187
924,20200815,3,11,34,42,43,44,13,9,2382430667,87708256000,69,2198,113214,1920852
925,20200822,13,24,32,34,39,42,4,12,1771080532,87901067000,68,2335,117863,1944019
926,20200829,10,16,18,20,25,31,6,10,2032490663,88372251000,72,2923,133167,2085580
927,20200905,4,15,22,38,41,43,26,6,3714203875,91067752000,63,2331,118446,1979589
928,20200912,3,4,10,20,28,44,30,7,3134591358,90818982000,81,2639,121873,2011931
929,20200919,7,9,12,15,19,23,4,16,1308035157,92344620000,91,3028,140880,2244712
930,20200926,8,21,25,38,39,44,28,8,2832418829,94518415000,55,2776,128480,2124548
931,20201003,14,15,23,25,35,43,32,8,2957108063,95695802000,54,2596,121943,2041653
932,20201010,1,6,15,36,37,38,5,7,3390022983,96049289000,64,2420,120969,2067196
933,20201017,23,27,29,31,36,45,37,8,2927797079,93484851000,63,2215,114043,1962088
934,20201024,1,3,30,33,36,39,12,4,5765772844,93028347000,66,2359,116726,1985417
935,20201031,4,10,20,32,38,44,18,13,1711055424,93934898000,120,2933,134376,2118071
936,20201107,7,11,13,17,18,29,43,14,1492069179,92246146000,77,2864,140160,2252623
937,20201114,2,10,13,22,29,40,26,11,2058420819,93720454000,57,2480,124141,2092601
938,20201121,4,8,10,16,31,36,9,10,2249466563,93452425000,64,2531,124971,2096955
939,20201128,4,11,28,39,42,45,6,13,1708363039,93340002000,67,2682,128408,2127595
940,20201205,3,15,20,22,24,41,11,8,2846071079,93920183000,51,2329,123292,2087480
941,20201212,12,14,25,27,39,40,35,16,1347297422,94867600000,87,3275,145544,2282851
942,20201219,10,12,18,35,42,43,39,6,3761680313,92731965000,52,2473,120907,2045438
943,20201226,1,8,13,36,44,45,39,7,3435045108,100081432000,74,2722,135763,2238429
944,20210102,2,13,16,19,32,33,42,13,1961836356,107181377000,79,3057,147665,2440455
945,20210109,9,10,15,30,33,37,26,13,1765554491,94837109000,71,2490,124224,2120882
946,20210116,9,18,19,30,34,40,20,11,2157656182,99380178000,71,2949,138433,2224563
947,20210123,3,8,17,20,27,35,26,18,1275855750,99449916000,58,3182,146908,2351804
948,20210130,13,18,30,31,38,41,5,11,2188548716,100519459000,90,2905,137929,2252913
949,20210206,14,21,35,36,40,44,30,10,2458569713,100518909000,65,2594,130363,2192075
950,20210213,3,4,15,22,28,40,10,8,3281920500,108870714000,67,2886,146270,2422941
951,20210220,2,12,30,31,39,43,38,14,1747552661,102937006000,72,2907,142335,2346154
952,20210227,4,12,22,24,33,41,38,9,2713699834,102355646000,93,3039,141776,2304925
953,20210306,7,9,22,27,37,42,34,14,1640636009,99180891000,102,3273,146120,2331848
954,20210313,1,9,26,28,30,41,32,10,2478795900,101455314000,64,2657,132057,2214839
955,20210320,4,9,23,26,29,33,8,12,2023170188,99784736000,71,2650,130744,2196889
956,20210327,10,11,20,21,25,41,40,11,2022982671,97065255000,136,3053,144650,2325943
957,20210403,4,15,24,35,36,40,1,11,2126634137,96654698000,61,2835,129545,2131893
958,20210410,2,9,10,16,35,37,1,15,1596119675,98635947000,67,2470,131097,2168146
959,20210417,1,14,15,24,40,41,35,8,3015312891,97435835000,75,2502,123802,2072896
960,20210424,2,18,24,30,32,45,14,10,2401133213,98784879000,56,2569,129546,2180006
961,20210501,11,20,29,31,33,42,43,9,2575231209,97153309000,73,2716,133764,2197136
962,20210508,1,18,28,31,34,43,40,12,1940906094,95956365000,73,2581,126528,2119457
963,20210515,6,12,19,23,34,42,35,15,1476478125,95452215000,68,3137,141987,2219439
964,20210522,6,21,36,38,39,43,30,10,2345861063,95549895000,52,2447,123780,2061560
965,20210529,2,13,25,28,29,36,34,7,3403348929,96174650000,46,2389,122129,2043257
966,20210605,1,21,25,29,34,37,36,10,2411303513,95640447000,50,2352,115370,1980202
967,20210612,1,6,13,37,38,40,9,4,5809776094,94515565000,69,2475,121200,2042462
968,20210619,2,5,12,14,24,39,33,13,1667729683,95924229000,97,3116,148150,2329460
969,20210626,3,9,10,29,40,45,7,20,1149427894,96728751000,56,2633,133079,2211803
970,20210703,9,11,16,21,28,36,5,14,1611544045,93268371000,87,2479,124923,2061176
971,20210710,2,6,17,18,21,26,7,6,3725880250,94471924000,62,2685,131409,2171694
972,20210717,3,6,17,23,37,39,26,20,1124886244,93916813000,80,2570,126989,2122398
973,20210724,22,26,31,37,41,42,24,8,2912742750,93953872000,42,2257,117757,2003966
974,20210731,1,2,11,16,39,44,32,17,1317034523,94146055000,66,2636,129473,2149319
975,20210807,7,8,9,17,22,24,5,9,2440410375,94253719000,61,2828,135604,2212347
976,20210814,4,12,14,25,35,37,2,7,3243867215,97492178000,69,3085,142375,2270249
977,20210821,2,9,10,14,22,44,16,14,1669905911,95895844000,82,2474,125781,2097459
978,20210828,1,7,15,32,34,42,8,10,2373391388,98855197000,70,2826,133915,2217326
979,20210904,7,11,16,21,27,33,24,14,1606400518,99507886000,79,3414,154980,2403760
980,20210911,3,13,16,23,24,35,14,7,3409443215,99593380000,70,2819,135751,2237534
981,20210918,27,36,37,41,43,45,32,13,1992863193,105645424000,65,2824,136630,2289650
982,20210925,5,7,13,20,21,44,33,8,3023630672,101344251000,81,2931,139208,2291933
983,20211002,13,23,26,31,35,43,15,10,2503422225,101899006000,78,2640,131780,2196308
984,20211009,3,10,23,35,36,37,18,7,3453006268,98762367000,64,2596,128129,2149335
985,20211016,17,21,23,30,34,44,19,10,2434752975,98811446000,62,2581,126523,2123240
986,20211023,7,10,16,28,41,42,40,10,2375275125,99041240000,70,2793,133889,2231167
987,20211030,2,4,15,23,29,38,7,10,2378711625,100269530000,73,2968,140004,2283682
988,20211106,2,13,20,30,31,41,27,9,2678489375,98606195000,61,2663,129322,2139025
989,20211113,17,18,21,27,29,33,26,4,5826768563,96525658000,63,2444,127891,2158436
990,20211120,2,4,25,26,36,37,28,14,1740095277,99567047000,56,2858,129113,2169219
991,20211127,13,18,25,31,33,44,38,8,2904166032,98026282000,110,2969,138068,2226394
992,20211204,12,20,26,33,44,45,24,12,1986955563,97066498000,58,2373,124311,2105282
993,20211211,6,14,16,18,24,42,44,6,3991197063,99323653000,70,2732,132583,2220620
994,20211218,1,3,8,24,27,35,28,12,1861582063,95530936000,70,2803,137937,2216661
995,20211225,1,4,13,29,38,39,7,7,3447271875,100878455000,69,2793,138372,2269218
996,20220101,6,11,15,24,32,39,28,18,1491185771,112624327000,86,3313,155856,2546181
997,20220108,4,7,14,16,24,44,20,19,1253749560,102431961000,85,3692,155887,2331995
998,20220115,13,17,18,20,42,45,41,12,2076499657,101681869000,53,2648,129576,2227628
999,20220122,1,3,9,14,18,28,34,16,1513274790,102581351000,67,2943,143217,2369326
1000,20220129,2,8,19,22,32,42,39,22,1246819620,118628811000,109,4018,180052,2747686
1001,20220205,6,10,12,14,20,42,15,12,2077279594,103967487000,66,2761,140255,2346904
1002,20220212,17,25,33,35,38,45,15,8,3088449563,105795484000,85,3193,155418,2436676
1003,20220219,1,4,29,39,43,45,31,14,1811116822,103479378000,66,2649,133896,2247475
1004,20220226,7,15,30,37,39,44,18,10,2576251913,106112471000,68,2785,140047,2340772
1005,20220305,8,13,18,24,27,29,17,12,2061199344,103755249000,84,2798,143067,2349017
1006,20220312,8,11,15,16,17,37,36,9,2855602125,104542431000,65,2487,131234,2288458
1007,20220319,8,11,16,19,21,25,40,9,2718786375,101530003000,70,2844,137134,2256573
1008,20220326,9,11,30,31,41,44,33,11,2267377910,103727042000,97,2826,141072,2311009
1009,20220402,15,23,29,34,40,44,20,15,1702462825,103771363000,69,2632,133476,2232525
1010,20220409,9,12,15,25,34,36,3,8,3119380079,103011505000,66,2781,136828,2278193
1011,20220416,1,9,12,26,35,38,42,11,2220348512,101799373000,76,2818,137485,2292065
1012,20220423,5,11,18,20,35,45,3,13,1861944318,101948323000,76,2882,141514,2324952
1013,20220430,21,22,26,34,36,41,32,5,5047570725,101747653000,79,2586,128697,2157701
1014,20220507,3,11,14,18,26,27,21,10,2410449338,102396369000,69,2849,143906,2372712
1015,20220514,14,23,31,33,37,40,44,8,3051105610,102562683000,102,2880,144321,2304033
1016,20220521,15,26,28,34,41,42,44,11,2260660671,101583153000,68,2686,132413,2202914
1017,20220528,12,18,22,23,30,34,32,7,3517684822,101382790000,70,2596,133621,2235724
1018,20220604,3,19,21,25,37,45,35,2,12361744688,101151805000,62,2693,130602,2216230
1019,20220611,1,4,13,17,34,39,6,50,438565140,102804882000,75,5823,192646,2506493
1020,20220618,12,27,29,38,41,45,6,13,1966431520,104996396000,77,2817,138221,2300467
1021,20220625,12,15,17,24,29,45,16,12,2108962250,101960162000,56,2461,126484,2182497
1022,20220702,5,6,11,29,42,45,28,5,4866468075,99233031000,63,2580,127962,2155059
1023,20220709,10,14,16,18,29,35,25,9,2745677875,100399659000,72,2506,127810,2172239
1024,20220716,9,18,20,22,38,44,10,8,3020323500,100081038000,63,2616,134065,2224097
1025,20220723,8,9,20,25,29,33,7,4,6118853344,101318529000,69,2671,134665,2258426
1026,20220730,5,12,13,31,32,41,34,15,1619118475,101556379000,76,2786,138907,2290094
1027,20220806,14,16,27,35,39,45,5,10,2460504338,101195159000,83,2700,134097,2217201
1028,20220813,5,7,12,13,18,35,23,20,1181235132,100613537000,91,2810,142778,2333653
1029,20220820,12,30,32,37,39,41,24,10,2527848450,101336312000,62,2614,125573,2136972
1030,20220827,2,5,11,17,24,29,9,19,1276406507,104899923000,104,3278,154929,2473576
1031,20220903,6,7,22,32,35,36,19,8,3213957563,104316078000,64,2789,132815,2247015
1032,20220910,1,6,12,19,36,42,28,10,2675257538,110907011000,90,3078,149807,2458611
1033,20220917,3,11,15,20,35,44,10,13,1913414943,104642258000,79,3083,145505,2376004
1034,20220924,26,31,32,33,38,40,11,9,2868856209,107150089000,66,2898,142939,2400364
1035,20221001,9,14,34,35,41,42,2,8,3231193735,106759523000,71,2848,141624,2366499
1036,20221008,2,5,22,32,34,45,39,9,2837323167,103753936000,64,2593,133443,2231388
1037,20221015,2,14,15,22,27,33,31,15,1708576825,104840173000,78,2713,137021,2279500
1038,20221022,7,16,24,27,37,44,2,15,1627457225,104932409000,77,3364,154690,2436512
1039,20221029,2,3,6,19,36,39,26,16,1585019672,105259066000,80,2773,140403,2359126
1040,20221105,8,16,26,29,31,36,11,7,3660482625,104007239000,63,2583,133245,2235373
1041,20221112,6,7,9,11,17,18,45,25,935091165,105301601000,85,3947,167535,2620869
1042,20221119,5,14,15,23,34,43,4,20,1240663669,106510259000,100,3567,157156,2462593
1043,20221126,3,5,12,22,26,31,19,17,1468646956,107045942000,86,3156,155087,2495858
1044,20221203,12,17,20,26,28,36,4,8,3136941235,102891973000,72,2597,134226,2254796
1045,20221210,6,14,15,19,21,41,37,13,1990060443,105380282000,67,2699,135872,2280432
1046,20221217,7,16,25,29,35,36,28,12,2011415719,100923993000,57,2959,139560,2260269
1047,20221224,2,20,33,40,42,44,32,9,2748797875,103058179000,83,2728,139530,2313403
1048,20221231,6,12,17,21,32,39,30,17,1612494508,117323901000,102,3817,170086,2721555
1049,20230107,3,5,13,20,21,37,17,15,1727810100,108444724000,89,2968,147061,2462622
1050,20230114,6,12,31,35,38,43,17,17,1535083280,108072602000,70,2866,144610,2402116
1051,20230121,21,26,30,32,33,35,44,18,1669558480,119243907000,70,2824,143314,2477370
1052,20230128,5,17,26,27,35,38,1,11,2341682762,107565461000,108,2926,148178,2405830
1053,20230204,22,26,29,30,34,45,15,7,4090367411,113721665000,64,2702,136905,2367764
1054,20230211,14,19,27,28,30,45,33,9,3147925709,113660567000,66,2714,140308,2407955
1055,20230218,4,7,12,14,22,33,31,11,2362815205,112488256000,92,3413,165590,2662001
1056,20230225,13,20,24,32,36,45,29,14,1969662456,113279615000,81,3223,150996,2464595
1057,20230304,8,13,19,27,40,45,12,17,1616069714,112523887000,664,2962,146471,2461496
1058,20230311,11,23,25,30,32,40,42,13,2058020250,112041382000,60,3074,152446,2545208
1059,20230318,7,10,22,25,34,40,27,13,2033168481,110846824000,83,3127,151941,2516955
1060,20230325,3,10,24,33,38,45,36,28,898238907,110677185000,96,4593,179475,2566118
1061,20230401,4,24,27,35,37,45,15,11,2422768773,109909344000,99,3003,145857,2425576
1062,20230408,20,31,32,40,41,45,12,7,3801933804,107109911000,68,2668,133599,2278058
1063,20230415,3,6,22,23,24,38,30,7,3770311875,108347135000,55,2706,139518,2401618
1064,20230422,3,6,9,18,22,35,14,19,1348168106,109427584000,62,3296,158665,2525390
1065,20230429,3,18,19,23,32,45,24,14,1852593938,108181727000,74,3117,148561,2416212
1066,20230506,6,11,16,19,21,32,45,15,1670947250,106440950000,88,3323,152826,2432046
1067,20230513,7,10,19,23,28,33,18,13,1981114010,110703299000,82,3679,163488,2567588
1068,20230520,4,7,19,26,33,35,3,19,1363929514,108988932000,87,3114,150789,2480427
1069,20230527,1,10,18,22,28,31,44,14,1863217554,108388892000,79,3006,146335,2419527
1070,20230603,3,6,14,22,30,41,36,14,1859116929,107222802000,63,2938,142759,2353987
1071,20230610,1,2,11,21,30,35,39,5,5183979750,107362630000,83,2891,143234,2391950
1072,20230617,16,18,20,23,32,43,27,12,2175006375,108156654000,93,2872,145504,2400605
1073,20230624,6,18,28,30,32,38,15,11,2345227603,107352123000,62,2994,146834,2387538
1074,20230701,1,6,20,27,28,41,15,12,2134763657,105744157000,78,2711,143155,2311622
1075,20230708,1,23,24,35,44,45,10,9,2896337167,105635232000,160,2750,134529,2267024
1076,20230715,3,7,9,33,36,37,10,9,2672689750,103168694000,86,3109,148521,2417204
1077,20230722,4,8,17,30,40,43,34,7,3570901018,105927489000,98,3235,149808,2428987
1078,20230729,6,10,11,14,36,38,43,12,2141604938,105407618000,77,2691,135352,2334106
1079,20230805,4,8,18,24,37,45,6,9,2712329417,103120206000,85,3212,145773,2344700
1080,20230812,13,16,23,31,36,44,38,7,3639444429,104111986000,82,2720,136257,2254999
1081,20230819,1,9,16,23,24,38,17,11,2343892944,106974323000,92,2923,143152,2390493
1082,20230826,21,26,27,32,34,42,31,7,3720489643,107566880000,62,2768,142123,2390544
1083,20230902,3,7,14,15,22,38,17,15,1713084525,108995141000,72,3274,154536,2501816
1084,20230909,8,12,13,29,33,42,5,15,1738764600,109818924000,107,3003,151391,2512924
1085,20230916,4,7,17,18,38,44,36,23,1073277473,106249975000,80,3471,156670,2475529
1086,20230923,11,16,25,27,35,36,37,17,1515913809,109250306000,67,3270,155241,2500478
1087,20230930,13,14,18,21,34,44,16,16,1732253602,113960897000,71,2989,149854,2506601
1088,20231007,11,21,22,30,39,44,31,11,2434697898,109089305000,94,2991,141487,2352280
1089,20231014,4,18,31,37,42,43,40,9,2978522167,108725932000,79,2825,138575,2338390
1090,20231021,12,19,21,29,40,45,1,11,2386494614,108364862000,88,2931,143714,2398962
1091,20231028,6,20,23,24,28,30,44,9,2898470459,109335581000,65,2873,149578,2481449
1092,20231104,7,18,19,26,33,45,37,16,1583289844,108970510000,84,3327,160096,2540721
1093,20231111,10,17,22,30,35,43,44,13,1967040750,105589036000,65,2928,141232,2327509
1094,20231118,6,7,15,22,26,40,41,12,2112854469,104078823000,87,2725,136802,2278728
1095,20231125,8,14,28,29,34,40,12,10,2617825575,106160572000,57,2584,135653,2278659
1096,20231202,1,12,16,19,23,43,34,10,2539391175,105753078000,85,2924,141700,2386598
1097,20231209,14,33,34,35,37,40,4,7,3864293090,108873101000,67,2631,135670,2317263
1098,20231216,12,16,21,24,41,43,15,13,1930461895,103850339000,68,2840,138090,2311866
1099,20231223,3,20,28,38,40,43,4,9,2959934125,107510729000,71,2701,134122,2306011
1100,20231230,17,26,29,30,31,43,12,13,2207575472,116187023000,81,2869,146262,2503154
1101,20240106,6,7,13,28,36,42,41,13,2100529500,114758876000,75,3363,159797,2596082
1102,20240113,13,14,22,26,37,38,20,20,1383591413,113178102000,63,3042,147705,2461606
1103,20240120,10,12,29,31,40,44,2,17,1574419633,110195070000,76,2909,144537,2436768
1104,20240127,1,7,21,30,35,38,2,15,1817193100,112449384000,76,3000,148589,2490276
1105,20240203,6,16,34,37,39,40,11,15,1834853800,113295292000,83,2898,148700,2503114
1106,20240210,1,3,4,29,42,45,36,11,2790462819,126617296000,67,3374,168792,2788452
1107,20240217,6,14,30,31,40,41,29,14,2025625233,117664962000,82,3357,162265,2581512
1108,20240224,7,19,26,37,39,44,27,14,1957990849,114578905000,96,3227,157579,2572268
1109,20240302,10,12,13,19,33,40,2,17,1584352875,117196327000,84,3347,180255,2734683
1110,20240309,3,7,11,20,22,41,24,16,1647392719,115083786000,118,3654,173234,2747163
1111,20240316,3,13,30,33,43,45,4,16,1714662540,116382835000,97,5096,171363,2608760
1112,20240323,16,20,26,36,42,44,24,10,2804455650,114216084000,59,3077,148163,2461430
1113,20240330,11,13,20,21,32,44,8,14,1987426822,113342318000,57,2936,146997,2444535
1114,20240406,10,16,19,32,33,38,3,17,1583813824,113597890000,88,3221,160537,2574463
1115,20240413,7,12,23,32,34,36,8,12,2257278282,113939215000,60,3103,158614,2584491
1116,20240420,15,16,17,25,30,31,32,10,2695000238,110862553000,114,2896,145548,2444108
1117,20240427,3,4,9,30,33,36,7,9,3028385542,113895333000,94,3161,155379,2567618
1118,20240504,11,13,14,15,16,45,3,19,1477445132,113727120000,72,3518,145194,2435050
1119,20240511,1,9,12,13,20,45,3,19,1396028764,111840714000,97,3108,155000,2560859
1120,20240518,2,19,26,31,38,41,34,11,2522163375,114804359000,91,3049,154910,2532990
1121,20240525,6,24,31,32,38,44,8,11,2524513262,113898519000,76,2956,148984,2494773
1122,20240601,3,6,21,30,34,35,22,11,2556266046,115540004000,99,2932,151473,2540890
1123,20240608,13,19,21,24,34,35,26,16,1731310711,113142957000,77,2945,147087,2456500
1124,20240615,3,8,17,30,33,34,28,10,2623327913,112014841000,87,3123,158630,2619643
1125,20240622,6,14,25,33,40,44,30,12,2195289188,109407294000,78,3066,147313,2442674
1126,20240629,4,5,9,11,37,40,7,11,2386382421,111998191000,91,3114,157300,2626764
1127,20240706,10,15,24,30,31,37,32,12,2267891969,111571373000,84,3007,145646,2443423
1128,20240713,1,5,8,16,28,33,45,63,419925560,111364194000,77,2987,153592,2545750
1129,20240720,5,10,11,17,28,34,22,11,2369567660,110363498000,107,3142,154322,2542398
1130,20240727,15,19,21,25,27,28,40,12,2263301219,109515089000,69,2900,137397,2334975
1131,20240803,1,2,6,14,27,38,33,17,1542367898,109120798000,56,2861,144842,2471592
1132,20240810,6,7,19,28,34,41,5,11,2404951807,110018123000,73,3086,148359,2463697
1133,20240817,13,14,20,28,29,34,23,13,2105079491,111210839000,73,2737,143047,2393005
1134,20240824,3,7,9,13,19,24,23,14,1755689384,111660087000,97,3961,180353,2807905
1135,20240831,1,6,13,19,21,33,4,9,2953726125,113817137000,91,3417,163808,2654691
1136,20240907,21,33,35,38,42,44,1,12,2314468157,113031911000,75,2906,144451,2452383
1137,20240914,4,9,12,15,33,45,26,14,2023447688,119250007000,111,3323,163296,2737836
1138,20240921,14,16,19,20,29,34,35,14,1902656786,109651510000,50,2865,145690,2404999
1139,20240928,5,12,15,30,37,40,18,13,2167490972,117915887000,75,3240,163236,2645260
1140,20241005,7,10,22,29,31,38,15,12,2279823938,115238556000,83,3345,158343,2644989
1141,20241012,7,11,12,21,26,35,20,11,2457758285,115803173000,100,3371,165233,2718563
1142,20241019,2,8,28,30,37,41,22,9,3117517709,114254355000,67,2841,146936,2474033
1143,20241026,10,16,17,27,28,36,6,11,2545657023,116432896000,90,3154,156400,2612029
1144,20241102,3,4,12,15,26,34,6,18,1489347375,116378514000,94,3626,172239,2766594
1145,20241109,2,11,31,33,37,44,32,9,3051630084,116115162000,63,3312,164055,2647054
1146,20241116,6,11,17,19,40,43,28,11,2526476353,116694743000,72,3030,158146,2677017
1147,20241123,7,11,24,26,27,37,32,8,3323422079,115707061000,83,3588,173036,2750379
1148,20241130,3,6,13,15,16,22,32,13,2073332308,113188640000,97,3082,154963,2581682
1149,20241207,8,15,19,21,32,36,38,17,1613380765,112146718000,74,2924,145209,2448589
1150,20241214,8,9,18,35,39,45,25,17,1570620309,114152034000,226,3413,166846,2626598
1151,20241221,2,3,9,15,27,29,8,17,1620503030,116118444000,102,3351,163055,2635014
1152,20241228,30,31,32,35,36,37,5,35,874349668,120703009000,79,3354,146890,2440804
1153,20250104,1,9,10,13,35,44,5,15,2027312925,126343367000,79,3506,167692,2848165
1154,20250111,4,8,22,26,32,38,27,15,1854965425,115268257000,62,3190,154785,2559114
1155,20250118,10,16,19,27,37,38,13,7,4066375179,118482730000,78,3171,160366,2654046
1156,20250125,30,31,34,39,41,45,7,21,1505207090,127643987000,73,3494,162883,2706409
1157,20250201,5,7,12,20,25,26,28,12,2257842157,123443439000,141,4549,201847,3100779
1158,20250208,21,25,27,32,37,38,20,21,1394358197,119706159000,86,3032,155209,2610120
1159,20250215,3,9,27,28,38,39,7,23,1284854250,124802304000,110,3742,177373,2826061
1160,20250222,7,13,18,36,39,45,19,12,2509359875,123177536000,84,3176,160611,2681692
1161,20250301,2,12,20,24,34,42,37,16,1792657969,123230590000,117,4107,181457,2859815
1162,20250308,20,21,22,25,28,29,6,36,823931021,120578328000,78,4752,160953,2538565
1163,20250315,2,13,15,16,33,43,4,15,1936891150,122246316000,75,3386,168204,2795027
1164,20250322,17,18,23,25,38,39,22,13,2193092164,121102645000,76,3470,170045,2807095
1165,20250329,6,7,27,29,38,45,17,13,2192485270,118112106000,91,3173,158014,2630455
1166,20250405,14,23,25,27,29,42,16,14,2072319938,116717661000,80,2803,147837,2456735
1167,20250412,8,23,31,35,39,40,24,10,2884087913,118762131000,69,2942,157094,2614372
1168,20250419,9,21,24,30,33,37,29,13,2136635914,117811795000,74,3514,166163,2712545
1169,20250426,5,12,24,26,39,42,20,10,2852735813,118803195000,112,3244,160483,2668194
1170,20250503,3,13,28,34,38,42,25,20,1386550969,116709995000,103,5668,163866,2637401
1171,20250510,3,6,7,11,12,17,19,21,1128345286,115285696000,148,5317,211503,3094806
1172,20250517,7,9,24,40,42,44,45,13,2203004452,117565241000,98,3059,152897,2590472
1173,20250524,1,5,18,20,30,35,3,24,1179946063,118782668000,94,3139,163678,2689832
1174,20250531,8,11,14,17,36,39,22,15,1910619425,119020467000,85,3196,158944,2670129
1175,20250607,3,4,6,8,32,42,31,20,1384026094,117488305000,92,3178,164364,2723718
1176,20250614,7,9,11,21,30,35,29,13,2052166154,115765450000,89,3533,171545,2746919
1177,20250621,3,7,15,16,19,43,21,6,4576672000,115411832000,75,3111,157438,2644128
1178,20250628,5,6,11,27,43,44,17,12,2391608407,118774279000,89,3061,157044,2653841
1179,20250705,3,16,18,24,40,44,21,13,2162821097,115024678000,63,2989,148832,2516368
1180,20250712,6,12,18,37,40,41,3,11,2535566421,115377965000,72,3010,153274,2567395
1181,20250719,8,10,14,20,33,41,28,17,1593643500,113802682000,86,3109,155938,2596371
1182,20250726,1,13,21,25,28,31,22,13,2124785424,115431308000,79,3015,156025,2616958
1183,20250802,4,15,17,23,27,36,31,13,2073966000,115605968000,92,3623,169030,2680548
1184,20250809,14,16,23,25,31,37,42,15,1910655600,117748924000,95,3115,155556,2576710
1185,20250816,6,17,22,28,29,32,38,12,2388695125,117480804000,79,2903,153798,2566276
1186,20250823,2,8,13,16,23,28,35,14,1985676911,116690738000,89,3226,162707,2628810
1187,20250830,5,13,26,29,37,40,42,11,2619380012,117650847000,79,3147,152448,2557090
1188,20250906,3,4,12,19,22,27,9,24,1074625172,116617971000,111,3713,188314,2901056
1189,20250913,9,19,29,35,37,38,31,13,2263651299,119484685000,167,3121,152345,2577694
1190,20250920,7,9,19,23,26,45,33,6,4622793813,118368861000,113,3293,168764,2752776
1191,20250927,1,4,11,12,20,41,2,18,1536334355,121272809000,132,3649,184758,2905296
1192,20251004,10,16,23,36,39,40,11,29,1079546587,129050196000,95,3476,171551,2841016
1193,20251011,6,9,16,19,24,28,17,16,1717013508,118676603000,84,3635,175936,2782376
1194,20251018,3,13,15,24,33,37,2,28,985155349,121085706000,99,5442,186820,2884544
1195,20251025,3,15,27,33,34,36,37,10,2939186738,122918013000,86,3337,165621,2797760
1196,20251101,8,12,15,29,40,45,14,15,2001627550,121645432000,94,2837,153894,2619093
1197,20251108,1,5,7,26,28,43,30,13,2205089827,120244434000,74,3087,162871,2751422
1198,20251115,26,30,33,38,39,41,21,10,2953686638,120207517000,78,3110,155228,2591974
1199,20251122,16,24,25,30,31,32,7,17,1695609839,118624796000,75,3504,157073,2604985
1200,20251129,1,2,4,16,20,32,45,12,2357299875,118339596000,80,3584,161754,2673060
1201,20251206,7,9,24,27,35,36,37,19,1414555718,115389593000,84,3321,166050,2711377
1202,20251213,5,12,21,33,37,40,7,14,1920410813,116954237000,109,3764,180212,2723770
1203,20251220,3,6,18,29,35,39,24,21,1368060733,121655631000,118,3588,171960,2784823
1204,20251227,8,16,28,30,31,44,27,18,1661007688,123758619000,95,3361,164919,2753835
1205,20260103,1,4,16,23,31,41,2,10,3226386263,132670747000,97,3486,174740,2915978
1206,20260110,1,3,17,26,27,42,23,15,1868807000,121012690000,74,3329,172867,2897371
1207,20260117,10,22,24,27,38,45,11,17,1733202949,122934287000,86,3365,168020,2756042
1208,20260124,6,27,30,36,38,42,25,6,5001713625,120408668000,68,2932,149359,2544535
1209,20260131,2,17,20,35,37,39,24,22,1371910466,124040394000,73,3141,163147,2724028
1210,20260207,1,7,9,17,27,38,31,24,1102298407,123111058000,153,4649,211663,3139766
1211,20260214,23,26,27,35,38,40,10,14,2370956036,134945802000,86,3332,174056,2902451
1212,20260221,5,8,25,31,41,44,45,12,2654089032,131727929000,79,3482,175609,2923618
1213,20260228,5,11,25,27,36,38,2,18,1740011646,131111079000,110,3724,180063,2958422
1214,20260307,10,15,19,27,30,33,14,12,2431577188,124815860000,99,3618,177889,2921649
1215,20260314,13,15,19,21,44,45,39,16,1998542133,126977101000,76,3120,153024,2640357
1216,20260321,3,10,14,15,23,24,25,14,2148654000,125556526000,87,3181,168089,2853121
1217,20260328,8,10,15,20,29,31,41,14,2179738018,125155256000,85,3344,163563,2742207
1218,20260404,3,28,31,32,42,45,25,18,1714482042,123335928000,80,2889,150326,2600819
1219,20260411,1,2,15,28,39,45,31,12,2508232844,120945801000,77,3079,150733,2560905
1220,20260418,2,22,25,28,34,43,16,14,2114514161,121958822000,85,3192,161279,2688906
1221,20260425,6,13,18,28,30,36,9,16,1830801165,122979623000,96,3465,174082,2745724
1222,20260502,4,11,17,22,32,41,34,24,1202986844,124243558000,115,4081,182844,2896800
1223,20260509,16,18,20,32,33,39,26,16,1857554133,122621163000,103,3481,161967,2716882
1224,20260516,9,18,21,27,44,45,28,12,2414855250,121110408000,70,3373,166726,2716244
1225,20260523,8,9,19,25,41,42,33,13,2228133087,120402887000,76,3333,161090,2705194
1226,20260530,4,6,13,17,26,28,41,10,2815230113,120259943000,75,3557,171525,2803464
1227,20260606,1,14,16,34,41,44,13,11,2674808455,118882558000,70,3042,151881,2523341
1228,20260613,24,29,30,31,35,44,1,11,2698334421,119052273000,83,2836,147604,2514073
1229,20260620,12,13,29,34,37,42,16,8,3519759000,116155532000,89,2925,152290,2583834
1230,20260627,3,8,9,22,28,42,45,16,1771357196,120177677000,90,3336,168902,2770957
1231,20260704,4,13,14,18,31,38,15,17,1652990074,118084580000,92,3329,162821,2686693
1232,20260711,12,15,19,22,24,36,3,11,2533260819,114636304000,92,2984,149349,2539242
1233,20260718,2,7,20,25,37,40,29,31,837965396,116159776000,76,4438,185487,2833927
1234,20260725,1,15,19,31,35,43,27,18,1595129563,115990429000,71,2985,146684,2475581
1235,20260801,6,7,11,15,39,43,20,9,3090961625,115445069000,82,2859,154048,2585719
1236,20260808,12,18,21,29,34,38,10,11,2441919375,114070835000,84,3371,161927,2624850
1237,20260815,10,20,23,34,37,40,36,23,1214932680,118363161000,75,3745,172132,2663409
1238,20260822,2,13,18,32,38,42,22,23,1197258718,114537798000,84,3235,156141,2549183
1239,20260829,11,13,22,32,33,36,8,13,2214789375,117767285000,71,3081,152825,2570542
1240,20260905,11,13,19,20,31,44,27,16,1791817758,118165321000,78,3087,155202,2619423
1241,20260912,7,13,16,23,24,43,9,18,1628391980,121918085000,90,3254,165086,2724667
1242,20260919,2,4,10,16,31,41,9,9,3281029250,122573852000,104,3206,165377,2729145
1243,20260926,9,18,24,38,43,44,35,12,2592525282,128926419000,115,3591,174306,2853501
1244,20261003,1,13,18,26,34,38,25,18,1604686625,123436098000,80,3731,179216,2848954
